,,,,,,,,Total,Total,Total,Total,Total,Short,Short,Short,Medium,Medium,Medium,Long,Long,Long,,,,,,,,,
Rk,Player,Nation,Pos,Squad,Age,Born,90s,Cmp,Att,Cmp%,TotDist,PrgDist,Cmp,Att,Cmp%,Cmp,Att,Cmp%,Cmp,Att,Cmp%,Ast,xA,A-xA,KP,1/3,PPA,CrsPA,Prog,Matches
1,Yunis Abdelhamid,ma MAR,DF,Reims,34-173,1987,24.1,966,1168,82.7,20761,7073,258,289,89.3,556,623,89.2,143,219,65.3,0,0.2,-0.2,6,61,4,0,61,Matches
2,Salis Abdul Samed,gh GHA,MF,Clermont Foot,21-359,2000,22.9,1321,1433,92.2,24613,4160,527,560,94.1,616,649,94.9,159,187,85.0,0,0.9,-0.9,10,61,5,0,56,Matches
3,Laurent Abergel,fr FRA,MF,Lorient,29-047,1993,23.2,945,1158,81.6,18225,4720,372,418,89.0,408,462,88.3,148,220,67.3,2,2.1,-0.1,18,89,15,6,88,Matches
4,Charles Abi,fr FRA,FW,Saint-Étienne,21-342,2000,0.5,2,6,33.3,24,0,1,2,50.0,1,3,33.3,0,0,,0,0.0,0.0,0,0,0,0,0,Matches
5,Matthis Abline,fr FRA,FW,Rennes,18-357,2003,1.1,8,10,80.0,100,22,4,6,66.7,4,4,100.0,0,0,,0,0.0,0.0,1,1,1,0,1,Matches
6,Martin Adeline,fr FRA,MFFW,Reims,18-108,2003,3.9,108,150,72.0,1863,564,44,55,80.0,49,61,80.3,9,17,52.9,0,0.4,-0.4,3,10,2,0,11,Matches
7,Yacine Adli,fr FRA,MFFW,Bordeaux,21-234,2000,21.2,758,1020,74.3,16179,5189,296,348,85.1,293,355,82.5,160,278,57.6,6,4.5,+1.5,50,95,28,4,117,Matches
8,Lucien Agoume,fr FRA,MF,Brest,20-039,2002,16.7,671,782,85.8,12499,3229,280,314,89.2,274,305,89.8,96,120,80.0,0,0.4,-0.4,10,47,10,0,59,Matches
9,Nayef Aguerd,ma MAR,DF,Rennes,25-355,1996,23.9,1486,1647,90.2,34195,11176,362,385,94.0,776,814,95.3,340,430,79.1,1,0.3,+0.7,2,83,2,0,61,Matches
10,Ruben Aguilar,fr FRA,DF,Monaco,28-328,1993,15.1,1001,1171,85.5,17725,6333,455,494,92.1,454,513,88.5,82,137,59.9,1,0.4,+0.6,8,86,20,6,89,Matches
11,Anel Ahmedhodzic,ba BIH,DF,Bordeaux,22-359,1999,6.0,364,395,92.2,7488,2343,127,134,94.8,174,182,95.6,60,71,84.5,1,0.2,+0.8,4,19,2,1,22,Matches
12,Jean-Eudes Aholou,ci CIV,MF,Strasbourg,28-000,1994,6.5,219,264,83.0,3780,610,88,95,92.6,99,115,86.1,23,39,59.0,1,0.8,+0.2,4,11,4,1,15,Matches
13,Ludovic Ajorque,re REU,FW,Strasbourg,28-023,1994,23.2,525,719,73.0,7981,1165,298,374,79.7,149,206,72.3,45,70,64.3,7,3.6,+3.4,26,27,22,4,41,Matches
14,Maghnes Akliouche,fr FRA,MFFW,Monaco,20-023,2002,0.5,17,19,89.5,242,71,11,11,100.0,5,6,83.3,1,2,50.0,0,0.1,-0.1,1,1,2,0,3,Matches
15,Sofiane Alakouch,ma MAR,DFMF,Metz,23-234,1998,1.8,84,102,82.4,1278,378,48,51,94.1,32,38,84.2,2,5,40.0,0,0.0,0.0,1,5,0,0,4,Matches
16,Josué Albert,gf GUF,DF,Clermont Foot,30-058,1992,0.2,4,4,100.0,41,13,4,4,100.0,0,0,,0,0,,0,0.0,0.0,0,0,0,0,0,Matches
17,Doğan Alemdar,tr TUR,GK,Rennes,19-142,2002,5.0,97,135,71.9,3079,2076,17,17,100.0,41,43,95.3,37,73,50.7,0,0.0,0.0,0,0,0,0,0,Matches
18,Mohamed Ali Cho,fr FRA,FW,Angers,18-060,2004,15.8,162,225,72.0,2199,401,103,124,83.1,42,59,71.2,6,15,40.0,0,1.3,-1.3,8,9,7,2,13,Matches
19,Jim Allevinah,ga GAB,FW,Clermont Foot,27-021,1995,11.3,271,353,76.8,4242,778,158,186,84.9,83,109,76.1,21,38,55.3,2,1.7,+0.3,12,18,8,3,21,Matches
20,Ibrahim Amadou,fr FRA,DFMF,Metz,28-348,1993,5.9,255,292,87.3,5308,1374,78,82,95.1,139,150,92.7,36,53,67.9,0,0.0,0.0,1,6,0,0,6,Matches
21,Jordan Amavi,fr FRA,DF,Marseille,28-011,1994,1.4,76,88,86.4,1404,379,34,38,89.5,33,36,91.7,9,12,75.0,0,0.1,-0.1,1,6,2,1,7,Matches
22,Jordan Amavi,fr FRA,DF,Nice,28-011,1994,1.8,101,114,88.6,1822,631,48,49,98.0,37,43,86.0,13,15,86.7,0,0.0,0.0,0,6,0,0,8,Matches
23,Benjamin André,fr FRA,MF,Lille,31-229,1990,23.4,1101,1355,81.3,19746,5453,504,584,86.3,415,500,83.0,140,197,71.1,1,1.6,-0.6,13,102,14,1,112,Matches
24,Houssem Aouar,fr FRA,MFFW,Lyon,23-263,1998,20.5,874,1003,87.1,13691,3314,492,536,91.8,280,315,88.9,72,97,74.2,3,4.5,-1.5,25,89,24,2,82,Matches
25,Adil Aouchiche,fr FRA,MFFW,Saint-Étienne,19-248,2002,8.6,351,465,75.5,6470,1565,175,207,84.5,100,121,82.6,57,100,57.0,4,0.7,+3.3,12,33,6,2,29,Matches
26,Dennis Appiah,fr FRA,DF,Nantes,29-284,1992,17.8,594,782,76.0,11067,5230,255,293,87.0,256,321,79.8,78,139,56.1,0,0.3,-0.3,4,39,15,8,64,Matches
27,Lorenz Assignon,tg TOG,DF,Rennes,21-271,2000,6.1,283,355,79.7,5065,1290,124,145,85.5,121,140,86.4,29,49,59.2,0,0.5,-0.5,4,13,5,2,19,Matches
28,Youcef Atal,dz ALG,DF,Nice,25-307,1996,11.0,481,628,76.6,7853,2972,262,288,91.0,171,212,80.7,43,99,43.4,0,1.3,-1.3,10,25,17,7,39,Matches
29,Jean-Kévin Augustin,fr FRA,FWMF,Nantes,24-277,1997,0.5,13,16,81.3,167,22,9,10,90.0,2,4,50.0,1,1,100.0,0,0.0,0.0,0,0,0,0,0,Matches
30,Karim Azamoum,fr FRA,DF,Troyes,32-062,1990,4.3,108,145,74.5,2155,843,38,43,88.4,53,65,81.5,16,34,47.1,0,0.0,0.0,0,2,0,0,3,Matches
31,Loïc Bade,fr FRA,DF,Rennes,21-343,2000,10.9,651,707,92.1,15351,4096,149,159,93.7,340,362,93.9,160,184,87.0,1,0.1,+0.9,1,40,2,1,32,Matches
32,Benoît Badiashile,fr FRA,DF,Monaco,20-359,2001,10.4,724,817,88.6,15377,4603,184,199,92.5,422,453,93.2,113,155,72.9,0,0.0,0.0,0,55,1,0,60,Matches
33,Youssouph Badji,sn SEN,FW,Brest,20-090,2001,1.5,26,38,68.4,273,52,19,24,79.2,4,9,44.4,0,0,,0,0.2,-0.2,2,3,0,0,0,Matches
34,Stéphane Bahoken,cm CMR,FW,Angers,29-296,1992,7.2,70,94,74.5,934,105,42,52,80.8,17,22,77.3,5,7,71.4,0,0.1,-0.1,2,2,2,2,1,Matches
35,Dénys Bain,fr FRA,DF,Brest,28-261,1993,2.0,79,82,96.3,1740,556,20,21,95.2,42,43,97.7,16,17,94.1,0,0.0,0.0,0,3,0,0,5,Matches
36,Stefan Bajic,fr FRA,GK,Saint-Étienne,20-087,2001,5.7,130,185,70.3,3777,2594,35,36,97.2,47,47,100.0,47,101,46.5,0,0.0,0.0,0,1,0,0,0,Matches
37,Cédric Bakambu,cd COD,FW,Marseille,30-343,1991,2.7,34,42,81.0,529,139,21,25,84.0,7,10,70.0,5,5,100.0,0,0.5,-0.5,5,0,2,0,4,Matches
38,Abdoulaye Bakayoko,fr FRA,DF,Saint-Étienne,19-095,2002,2.0,61,81,75.3,1031,387,24,26,92.3,28,31,90.3,6,19,31.6,0,0.0,0.0,0,2,0,0,1,Matches
39,Dilane Bakwa,fr FRA,FW,Bordeaux,19-206,2002,0.1,4,6,66.7,79,29,2,2,100.0,1,2,50.0,1,1,100.0,0,0.0,0.0,0,0,0,0,1,Matches
40,Ibrahima Baldé,fr FRA,FWMF,Lens,19-062,2003,0.6,6,8,75.0,65,0,4,5,80.0,1,1,100.0,0,0,,0,0.0,0.0,0,0,0,0,0,Matches
41,Leonardo Balerdi,ar ARG,DF,Marseille,23-053,1999,10.5,744,805,92.4,15366,3963,242,253,95.7,381,397,96.0,116,145,80.0,0,0.0,0.0,1,35,0,0,29,Matches
42,Jonathan Bamba,fr FRA,MFFW,Lille,25-359,1996,20.5,635,836,76.0,10272,3448,369,440,83.9,176,207,85.0,67,130,51.5,1,2.4,-1.4,32,49,29,9,75,Matches
43,Simon Banza,fr FRA,FW,Lens,25-219,1996,1.4,20,29,69.0,369,77,11,16,68.8,6,7,85.7,2,4,50.0,1,0.6,+0.4,2,2,0,0,1,Matches
44,Danilo Barbosa,br BRA,DF,Nice,26-020,1996,1.0,33,41,80.5,677,148,8,9,88.9,20,22,90.9,5,9,55.6,0,0.0,0.0,0,0,0,0,1,Matches
45,Bradley Barcola,fr FRA,MFFW,Lyon,19-199,2002,0.2,7,7,100.0,59,22,6,6,100.0,0,0,,0,0,,0,0.2,-0.2,1,0,0,0,0,Matches
46,Melvin Bard,fr FRA,DF,Nice,21-134,2000,21.8,1174,1435,81.8,20803,7845,526,577,91.2,521,617,84.4,110,192,57.3,2,1.8,+0.2,15,88,18,8,103,Matches
47,Toma Bašić,hr CRO,MF,Bordeaux,25-115,1996,2.3,74,101,73.3,1460,379,29,32,90.6,33,38,86.8,11,28,39.3,1,0.6,+0.4,5,9,1,1,5,Matches
48,Amine Bassi,fr FRA,MF,Metz,24-113,1997,2.0,84,117,71.8,1551,533,38,49,77.6,35,40,87.5,10,23,43.5,0,0.4,-0.4,6,10,0,0,10,Matches
49,Mohamed Bayo,gn GUI,FW,Clermont Foot,23-289,1998,19.4,293,403,72.7,4432,776,163,215,75.8,103,133,77.4,19,25,76.0,2,2.4,-0.4,20,25,10,0,29,Matches
50,Youcef Belaïli,dz ALG,MF,Brest,30-006,1992,3.4,106,145,73.1,1799,469,59,67,88.1,28,33,84.8,15,33,45.5,1,0.6,+0.4,3,11,4,0,12,Matches
51,Haris Belkebla,dz ALG,MF,Brest,28-051,1994,17.1,501,609,82.3,9193,2169,212,241,88.0,212,249,85.1,63,87,72.4,0,0.1,-0.1,5,32,5,3,35,Matches
52,Jean-Ricner Bellegarde,fr FRA,MF,Strasbourg,23-266,1998,18.2,622,759,81.9,11009,2019,289,322,89.8,253,298,84.9,68,108,63.0,2,0.7,+1.3,11,44,14,3,47,Matches
53,Hatem Ben Arfa,fr FRA,FWMF,Lille,35-013,1987,3.3,126,144,87.5,2124,334,55,60,91.7,47,54,87.0,15,20,75.0,1,0.4,+0.6,4,4,4,1,6,Matches
54,Wissam Ben Yedder,fr FRA,FW,Monaco,31-220,1990,19.4,376,508,74.0,5654,992,206,257,80.2,128,171,74.9,28,48,58.3,4,3.6,+0.4,24,23,23,0,40,Matches
55,Darío Benedetto,ar ARG,FWMF,Marseille,31-307,1990,0.6,10,11,90.9,160,35,6,7,85.7,3,3,100.0,1,1,100.0,0,0.0,0.0,1,0,0,0,1,Matches
56,Walter Benítez,ar ARG,GK,Nice,29-001,1993,27.0,547,756,72.4,15994,10898,121,121,100.0,229,231,99.1,195,401,48.6,0,0.0,0.0,0,1,0,0,0,Matches
57,Loris Benito,ch SUI,DF,Bordeaux,30-072,1992,0.7,42,53,79.2,836,259,14,18,77.8,20,21,95.2,7,12,58.3,0,0.0,0.0,0,0,0,0,4,Matches
58,Nabil Bentaleb,dz ALG,MF,Angers,27-116,1994,8.0,341,411,83.0,6343,1666,151,169,89.3,135,158,85.4,46,66,69.7,0,0.0,0.0,1,30,2,0,32,Matches
59,Patrick Berg,no NOR,MF,Lens,24-116,1997,1.9,122,143,85.3,2151,415,64,69,92.8,43,51,84.3,14,19,73.7,0,0.0,0.0,1,8,0,0,10,Matches
60,Mitchell van Bergen,nl NED,FWMF,Reims,22-205,1999,7.9,118,179,65.9,1866,547,63,79,79.7,33,44,75.0,18,42,42.9,0,1.1,-1.1,13,0,9,3,9,Matches
61,Valon Berisha,xk KVX,MFFW,Reims,29-041,1993,3.8,103,150,68.7,2075,670,51,65,78.5,28,39,71.8,20,40,50.0,1,0.4,+0.6,5,11,2,1,12,Matches
62,Paul Bernardoni,fr FRA,GK,Angers,24-336,1997,13.0,263,337,78.0,7909,4249,46,46,100.0,109,113,96.5,107,177,60.5,0,0.0,0.0,0,0,0,0,0,Matches
63,Paul Bernardoni,fr FRA,GK,Saint-Étienne,24-336,1997,10.0,176,300,58.7,5439,3416,23,23,100.0,79,80,98.8,74,197,37.6,0,0.0,0.0,0,1,0,0,0,Matches
64,Juan Bernat,es ESP,DF,Paris S-G,29-019,1993,8.0,487,531,91.7,6849,1740,296,315,94.0,165,179,92.2,15,21,71.4,0,0.5,-0.5,4,29,4,1,22,Matches
65,Dimitry Bertaud,fr FRA,GK,Montpellier,23-287,1998,5.2,125,181,69.1,4078,2846,27,27,100.0,47,47,100.0,51,107,47.7,0,0.0,0.0,0,1,1,0,0,Matches
66,Jason Berthomier,fr FRA,MF,Clermont Foot,32-073,1990,18.3,1090,1337,81.5,19362,5241,553,604,91.6,388,444,87.4,135,246,54.9,5,4.0,+1.0,46,93,20,8,98,Matches
67,Giulian Biancone,fr FRA,DF,Troyes,21-354,2000,17.6,665,917,72.5,11931,5069,300,362,82.9,282,375,75.2,71,147,48.3,2,0.9,+1.1,13,40,17,12,65,Matches
68,El Bilal Touré,ml MLI,FW,Reims,20-168,2001,9.3,169,233,72.5,2201,304,110,138,79.7,48,67,71.6,2,9,22.2,2,0.7,+1.3,8,10,4,1,7,Matches
69,Jean-Claude Billong,cm CMR,DF,Clermont Foot,28-082,1993,4.8,200,230,87.0,3900,1147,71,79,89.9,104,115,90.4,23,31,74.2,0,0.0,0.0,0,8,0,0,6,Matches
70,Nathan Bitu Mazala,fr FRA,DF,Paris S-G,19-100,2002,0.1,10,10,100.0,129,28,7,7,100.0,3,3,100.0,0,0,,0,0.0,0.0,0,0,0,0,1,Matches
71,Marco Bizot,nl NED,GK,Brest,31-010,1991,28.0,606,872,69.5,22101,14941,59,59,100.0,252,254,99.2,294,558,52.7,1,0.3,+0.7,3,9,0,0,0,Matches
72,Ludovic Blas,fr FRA,MFFW,Nantes,24-079,1997,25.6,616,781,78.9,12581,2704,219,266,82.3,286,339,84.4,99,132,75.0,2,2.1,-0.1,25,76,21,4,67,Matches
73,Myron Boadu,nl NED,FW,Monaco,21-065,2001,8.0,99,126,78.6,1438,204,57,70,81.4,35,39,89.7,4,8,50.0,1,0.2,+0.8,3,1,1,0,5,Matches
74,Jérôme Boateng,de GER,DF,Lyon,33-198,1988,15.1,854,969,88.1,20300,6159,171,183,93.4,487,512,95.1,194,268,72.4,1,1.1,-0.1,5,69,5,1,66,Matches
75,Antonin Bobichon,fr FRA,MFFW,Angers,26-187,1995,0.4,16,20,80.0,254,84,9,10,90.0,5,6,83.3,2,3,66.7,0,0.0,0.0,0,5,0,0,0,Matches
76,Quentin Boisgard,fr FRA,MF,Lorient,25-003,1997,8.6,241,327,73.7,4246,1209,123,147,83.7,79,94,84.0,30,62,48.4,0,1.9,-1.9,10,24,7,3,16,Matches
77,Charles Boli,fr FRA,MF,Lens,23-202,1998,0.4,17,21,81.0,285,70,11,13,84.6,4,4,100.0,2,4,50.0,0,0.0,0.0,1,2,0,0,1,Matches
78,Sven Botman,nl NED,DF,Lille,22-067,2000,21.0,1116,1253,89.1,23699,7797,367,396,92.7,539,577,93.4,201,258,77.9,1,0.3,+0.7,7,60,1,0,61,Matches
79,Denis Bouanga,ga GAB,FWMF,Saint-Étienne,27-129,1994,18.2,375,546,68.7,6247,1736,210,254,82.7,110,169,65.1,37,79,46.8,2,1.9,+0.1,17,24,14,5,46,Matches
80,Hicham Boudaoui,dz ALG,MF,Nice,22-178,1999,14.0,369,484,76.2,5368,1216,214,253,84.6,121,159,76.1,18,39,46.2,1,2.4,-1.4,10,27,10,3,29,Matches
81,Ryad Boudebouz,dz ALG,MFFW,Saint-Étienne,32-029,1990,19.2,1009,1270,79.4,20023,4930,399,452,88.3,397,467,85.0,184,289,63.7,1,3.3,-2.3,37,91,25,3,103,Matches
82,Sofiane Boufal,ma MAR,FW,Angers,28-184,1993,21.9,655,864,75.8,11514,3431,325,387,84.0,212,254,83.5,90,164,54.9,4,5.1,-1.1,48,47,32,4,81,Matches
83,Farid Boulaya,dz ALG,FWMF,Metz,29-023,1993,13.5,378,574,65.9,7724,2336,165,209,78.9,135,185,73.0,74,154,48.1,1,1.9,-0.9,25,42,11,4,43,Matches
84,Ismaëlben Boura,fr FRA,DF,Lens,21-218,2000,1.1,60,72,83.3,1029,382,27,29,93.1,23,26,88.5,7,14,50.0,0,0.0,0.0,0,2,1,0,2,Matches
85,Benjamin Bourigeaud,fr FRA,MFFW,Rennes,28-065,1994,26.1,977,1360,71.8,20387,7216,359,432,83.1,414,501,82.6,194,364,53.3,7,9.4,-2.4,89,91,60,21,146,Matches
86,Redwan Bourles,fr FRA,MFFW,Lorient,19-077,2003,0.2,3,5,60.0,27,9,3,5,60.0,0,0,,0,0,,0,0.0,0.0,0,0,0,0,0,Matches
87,Domagoj Bradarić,hr CRO,DFMF,Lille,22-100,1999,2.0,77,102,75.5,1321,458,34,41,82.9,35,43,81.4,6,15,40.0,0,0.2,-0.2,2,8,1,1,8,Matches
88,Bilal Brahimi,fr FRA,MFFW,Nice,22-006,2000,0.8,19,31,61.3,241,25,11,15,73.3,7,11,63.6,0,1,0.0,0,0.0,0.0,1,0,1,0,1,Matches
89,Bilal Brahimi,fr FRA,FWDF,Angers,22-006,2000,3.8,72,99,72.7,1142,327,34,41,82.9,32,40,80.0,4,10,40.0,1,0.7,+0.3,7,2,4,3,4,Matches
90,Lilian Brassier,fr FRA,DF,Brest,22-138,1999,18.1,760,908,83.7,18243,5840,177,198,89.4,373,409,91.2,204,284,71.8,0,0.2,-0.2,3,59,7,1,58,Matches
91,Jimmy Briand,fr FRA,FWMF,Bordeaux,36-230,1985,2.0,58,65,89.2,785,164,37,39,94.9,15,18,83.3,3,4,75.0,1,0.6,+0.4,9,2,3,0,5,Matches
92,Dylan Bronn,tn TUN,DF,Metz,26-274,1995,22.0,779,937,83.1,17529,6236,213,239,89.1,408,445,91.7,151,234,64.5,1,0.1,+0.9,2,51,2,1,48,Matches
93,Osman Bukari,gh GHA,FWMF,Nantes,23-097,1998,9.2,206,274,75.2,2817,642,129,152,84.9,59,80,73.8,7,21,33.3,3,1.7,+1.3,17,7,5,2,15,Matches
94,Maxime Busi,be BEL,DF,Reims,22-157,1999,7.3,274,336,81.5,5139,1987,118,129,91.5,118,139,84.9,34,57,59.6,0,0.4,-0.4,6,18,5,2,23,Matches
95,Oriol Busquets,es ESP,MF,Clermont Foot,23-059,1999,0.9,55,61,90.2,1081,212,23,25,92.0,19,22,86.4,13,14,92.9,0,0.1,-0.1,1,2,0,0,0,Matches
96,Marcin Bułka,pl POL,GK,Nice,22-167,1999,1.0,21,23,91.3,444,269,8,9,88.9,10,10,100.0,3,4,75.0,0,0.0,0.0,0,0,0,0,0,Matches
97,Jimmy Cabot,fr FRA,DF,Angers,27-336,1994,22.3,1090,1374,79.3,20873,5941,453,510,88.8,501,593,84.5,127,228,55.7,5,2.4,+2.6,20,55,26,9,79,Matches
98,Anthony Caci,fr FRA,DF,Strasbourg,24-262,1997,20.1,1005,1275,78.8,20547,7755,371,425,87.3,441,533,82.7,177,274,64.6,3,2.6,+0.4,19,89,27,11,140,Matches
99,Mathieu Cafaro,fr FRA,FWMF,Reims,24-360,1997,2.1,41,79,51.9,777,299,16,26,61.5,19,31,61.3,6,22,27.3,0,0.3,-0.3,3,0,5,2,5,Matches
100,Yannick Cahuzac,fr FRA,MF,Lens,37-061,1985,6.7,214,245,87.3,3595,736,99,110,90.0,90,98,91.8,19,25,76.0,0,0.1,-0.1,1,17,2,0,17,Matches
101,Marc-Aurèle Caillard,fr FRA,GK,Metz,27-312,1994,10.0,158,258,61.2,6421,4771,16,16,100.0,57,57,100.0,85,185,45.9,0,0.0,0.0,0,5,0,0,0,Matches
102,Jens Cajuste,se SWE,MF,Reims,22-222,1999,1.5,37,45,82.2,633,104,17,20,85.0,14,16,87.5,4,6,66.7,0,0.0,0.0,0,0,1,0,2,Matches
103,Duje Ćaleta-Car,hr CRO,DF,Marseille,25-184,1996,15.5,1127,1223,92.2,25181,6955,292,298,98.0,621,648,95.8,206,262,78.6,0,0.2,-0.2,2,71,3,0,56,Matches
104,Lucas Calodat,fr FRA,DF,Saint-Étienne,20-042,2002,0.0,2,2,100.0,30,7,1,1,100.0,1,1,100.0,0,0,,0,0.0,0.0,0,0,0,0,0,Matches
105,Mahdi Camara,fr FRA,MFDF,Saint-Étienne,23-263,1998,26.1,1036,1222,84.8,16390,4549,538,593,90.7,387,445,87.0,72,116,62.1,0,1.5,-1.5,26,80,9,4,63,Matches
106,Mamadou Camara,fr FRA,FW,Troyes,21-041,2001,0.4,8,10,80.0,147,2,2,3,66.7,4,5,80.0,1,1,100.0,0,0.0,0.0,0,0,0,0,0,Matches
107,Eduardo Camavinga,fr FRA,MF,Rennes,19-130,2002,1.6,68,75,90.7,1471,238,20,26,76.9,33,34,97.1,14,14,100.0,0,0.0,0.0,1,5,1,0,3,Matches
108,Fali Candé,gw GNB,DF,Metz,24-055,1998,6.0,213,290,73.4,4200,1609,84,96,87.5,98,122,80.3,29,62,46.8,1,1.0,0.0,5,7,2,2,13,Matches
109,Pierrick Capelle,fr FRA,MFDF,Angers,34-339,1987,8.3,325,392,82.9,6256,1759,119,141,84.4,159,180,88.3,43,56,76.8,1,0.6,+0.4,7,24,3,2,26,Matches
110,Maxence Caqueret,fr FRA,MF,Lyon,22-033,2000,23.6,1205,1395,86.4,20478,5648,598,675,88.6,450,495,90.9,121,161,75.2,0,1.7,-1.7,26,131,15,1,125,Matches
111,Irvin Cardona,fr FRA,FW,Brest,24-224,1997,10.3,143,210,68.1,2087,505,85,109,78.0,43,60,71.7,10,27,37.0,1,0.9,+0.1,9,7,2,0,11,Matches
112,Igor Carioca,br BRA,DF,Lorient,25-211,1996,15.0,494,652,75.8,8717,3035,224,268,83.6,216,274,78.8,45,75,60.0,0,1.1,-1.1,11,28,11,8,41,Matches
113,Moreto Cassamã,gw GNB,MF,Reims,24-032,1998,8.9,355,433,82.0,7288,1743,136,155,87.7,149,164,90.9,65,97,67.0,0,0.7,-0.7,9,38,7,0,39,Matches
114,Jean-Charles Castelletto,cm CMR,DF,Nantes,27-053,1995,20.9,746,853,87.5,15485,5315,242,261,92.7,379,415,91.3,115,162,71.0,0,0.1,-0.1,4,66,2,0,54,Matches
115,Zeki Çelik,tr TUR,DF,Lille,25-031,1997,21.2,948,1194,79.4,16670,6605,457,506,90.3,378,455,83.1,97,187,51.9,1,1.3,-0.3,12,83,21,7,89,Matches
116,Fabien Centonze,fr FRA,DF,Metz,26-063,1996,17.0,592,740,80.0,9664,4247,298,338,88.2,246,295,83.4,38,78,48.7,1,0.6,+0.4,10,29,13,6,40,Matches
117,Leonardo César Jardim,br BRA,GK,Lille,27-000,1995,8.0,147,218,67.4,4271,2890,35,35,100.0,56,56,100.0,54,125,43.2,0,0.0,0.0,0,1,0,0,0,Matches
118,Nassim Chadli,fr FRA,MFDF,Troyes,20-235,2001,1.1,27,43,62.8,421,118,15,18,83.3,9,15,60.0,3,8,37.5,0,0.0,0.0,1,3,0,0,2,Matches
119,Mehdi Chahiri,ma MAR,MF,Strasbourg,25-238,1996,0.2,3,7,42.9,53,22,2,3,66.7,1,4,25.0,0,0,,0,0.0,0.0,0,0,0,0,1,Matches
120,Dylan Chambost,fr FRA,MFFW,Troyes,24-213,1997,8.4,374,464,80.6,6964,1808,164,182,90.1,155,184,84.2,50,81,61.7,1,0.6,+0.4,7,28,7,3,35,Matches
121,Brendan Chardonnet,fr FRA,DF,Brest,27-088,1994,21.3,767,914,83.9,19559,7384,149,164,90.9,385,409,94.1,222,322,68.9,0,0.3,-0.3,7,79,2,0,49,Matches
122,Xavier Chavalerin,fr FRA,MFFW,Troyes,31-013,1991,21.6,579,753,76.9,10578,3511,274,320,85.6,206,253,81.4,79,135,58.5,2,1.9,+0.1,16,56,18,4,61,Matches
123,Xavier Chavalerin,fr FRA,MFDF,Reims,31-013,1991,2.4,80,98,81.6,1484,483,37,41,90.2,29,35,82.9,10,15,66.7,0,0.1,-0.1,3,2,3,1,6,Matches
124,Rayan Cherki,fr FRA,FWMF,Lyon,18-215,2003,4.9,197,258,76.4,3197,914,112,131,85.5,59,68,86.8,18,42,42.9,1,0.7,+0.3,12,16,6,1,21,Matches
125,Pedro Chirivella,es ESP,MF,Nantes,24-301,1997,26.4,1297,1536,84.4,27657,6648,470,505,93.1,536,597,89.8,259,374,69.3,1,1.0,0.0,23,185,17,3,139,Matches
126,Joris Chotard,fr FRA,MF,Montpellier,20-177,2001,25.4,829,973,85.2,16155,4227,333,374,89.0,337,382,88.2,140,183,76.5,1,0.4,+0.6,8,50,12,4,59,Matches
127,Alexis Claude-Maurice,fr FRA,MF,Nice,23-287,1998,2.3,86,99,86.9,1387,288,49,53,92.5,25,29,86.2,8,11,72.7,2,0.8,+1.2,8,4,3,1,6,Matches
128,Jonathan Clauss,fr FRA,DF,Lens,29-176,1992,26.3,965,1436,67.2,18790,8530,406,503,80.7,397,535,74.2,148,354,41.8,9,6.1,+2.9,57,53,40,15,128,Matches
129,Marcus Coco,fr FRA,FWMF,Nantes,25-269,1996,6.6,128,184,69.6,1862,503,74,96,77.1,45,60,75.0,6,16,37.5,0,0.5,-0.5,5,8,7,5,8,Matches
130,Abdu Conté,pt POR,DF,Troyes,23-361,1998,8.2,249,337,73.9,4283,1859,123,146,84.2,107,136,78.7,18,36,50.0,1,1.7,-0.7,5,14,2,1,19,Matches
131,Sébastien Corchia,fr FRA,DF,Nantes,31-139,1990,10.3,271,406,66.7,4727,2568,122,142,85.9,121,175,69.1,24,67,35.8,3,0.4,+2.6,8,22,8,5,36,Matches
132,Maxwel Cornet,ci CIV,DFMF,Lyon,25-174,1996,0.7,33,40,82.5,527,167,17,19,89.5,14,15,93.3,1,5,20.0,0,0.1,-0.1,1,1,1,1,0,Matches
133,David Pereira da Costa,pt POR,MFFW,Lens,21-074,2001,8.7,374,446,83.9,5719,1479,208,230,90.4,133,149,89.3,24,49,49.0,2,2.3,-0.3,19,38,16,3,39,Matches
134,Benoît Costil,fr FRA,GK,Bordeaux,34-260,1987,21.0,525,768,68.4,18308,11283,71,72,98.6,190,192,99.0,263,503,52.3,0,0.0,0.0,0,6,0,0,1,Matches
135,Kalifa Coulibaly,ml MLI,FW,Nantes,30-211,1991,4.2,54,93,58.1,614,102,45,62,72.6,6,20,30.0,2,3,66.7,0,0.5,-0.5,4,2,3,0,6,Matches
136,Nicolas Cozza,fr FRA,DF,Montpellier,23-071,1999,23.7,906,1109,81.7,18369,5568,285,325,87.7,462,535,86.4,140,210,66.7,2,0.5,+1.5,8,33,10,4,58,Matches
137,Wylan Cyprien,fr FRA,MF,Nantes,27-051,1995,8.8,381,470,81.1,7477,2043,157,169,92.9,144,173,83.2,69,106,65.1,1,1.1,-0.1,15,39,7,3,30,Matches
138,Lucas Da Cunha,fr FRA,FWMF,Clermont Foot,20-284,2001,5.2,149,179,83.2,2440,602,83,94,88.3,41,47,87.2,17,25,68.0,0,0.3,-0.3,7,10,6,3,13,Matches
139,Lucas Da Cunha,fr FRA,MF,Nice,20-284,2001,4.4,122,167,73.1,2143,652,66,77,85.7,31,44,70.5,22,38,57.9,1,1.7,-0.7,13,5,6,4,11,Matches
140,Damien Da Silva,fr FRA,DF,Lyon,33-307,1988,7.3,477,532,89.7,10138,3450,131,138,94.9,258,275,93.8,85,113,75.2,0,0.0,0.0,0,35,3,0,26,Matches
141,Colin Dagba,fr FRA,DF,Paris S-G,23-192,1998,1.8,128,140,91.4,1811,390,71,74,95.9,52,57,91.2,3,4,75.0,0,0.1,-0.1,2,5,3,2,5,Matches
142,Flavius Daniliuc,at AUT,DF,Nice,20-327,2001,8.9,429,485,88.5,8801,2935,120,133,90.2,243,264,92.0,61,79,77.2,0,0.0,0.0,1,24,0,0,21,Matches
143,Kevin Danso,at AUT,DF,Lens,23-182,1998,24.4,1293,1469,88.0,27843,8271,331,365,90.7,728,787,92.5,230,307,74.9,1,0.1,+0.9,2,42,1,0,55,Matches
144,Dante,br BRA,DF,Nice,38-153,1983,25.4,1710,1878,91.1,36710,11668,480,497,96.6,948,1000,94.8,277,362,76.5,0,0.3,-0.3,3,82,2,0,79,Matches
145,Jonathan David,ca CAN,FW,Lille,22-065,2000,24.5,422,534,79.0,6288,1435,236,280,84.3,142,175,81.1,27,37,73.0,0,3.1,-3.1,27,32,17,2,48,Matches
146,Konrad De La Fuente,us USA,FWDF,Marseille,20-247,2001,8.7,188,239,78.7,2960,640,105,118,89.0,69,83,83.1,11,22,50.0,2,1.5,+0.5,11,7,14,4,17,Matches
147,Romain Del Castillo,fr FRA,MFFW,Rennes,25-356,1996,0.3,11,15,73.3,238,91,4,5,80.0,2,3,66.7,5,6,83.3,0,0.1,-0.1,1,1,2,0,2,Matches
148,Romain Del Castillo,fr FRA,FWMF,Brest,25-356,1996,6.9,195,265,73.6,2883,866,115,140,82.1,65,83,78.3,11,28,39.3,3,1.1,+1.9,9,17,7,1,25,Matches
149,Thomas Delaine,fr FRA,DF,Metz,29-361,1992,19.0,627,847,74.0,10480,4461,313,356,87.9,266,338,78.7,42,124,33.9,2,2.1,-0.1,21,32,17,12,62,Matches
150,Sacha Delaye,fr FRA,MFFW,Montpellier,19-331,2002,0.5,11,15,73.3,169,107,5,6,83.3,3,4,75.0,1,3,33.3,0,0.0,0.0,1,1,2,0,3,Matches
151,Andy Delort,dz ALG,FW,Nice,30-162,1991,17.5,301,468,64.3,4653,970,168,222,75.7,93,155,60.0,25,52,48.1,1,3.1,-2.1,24,15,22,5,32,Matches
152,Andy Delort,dz ALG,FW,Montpellier,30-162,1991,3.0,56,96,58.3,1037,258,30,43,69.8,18,30,60.0,8,13,61.5,1,0.7,+0.3,9,2,6,2,5,Matches
153,Moussa Dembélé,fr FRA,FW,Lyon,25-251,1996,15.1,192,282,68.1,2265,330,124,167,74.3,39,59,66.1,7,19,36.8,2,2.0,0.0,13,11,3,0,7,Matches
154,Jason Denayer,be BEL,DF,Lyon,26-265,1995,10.1,634,671,94.5,13686,3806,178,185,96.2,343,353,97.2,109,128,85.2,0,0.0,0.0,0,17,0,0,19,Matches
155,Arthur Desmas,fr FRA,GK,Clermont Foot,27-347,1994,13.0,261,368,70.9,6417,3666,78,78,100.0,97,99,98.0,79,184,42.9,0,0.0,0.0,0,6,0,0,1,Matches
156,Ángel Di María,ar ARG,FW,Paris S-G,34-034,1988,14.3,694,926,74.9,12003,3236,358,419,85.4,245,311,78.8,80,157,51.0,3,4.3,-1.3,39,49,38,7,87,Matches
157,Yadaly Diaby,fr FRA,FWMF,Clermont Foot,21-223,2000,0.7,10,18,55.6,167,11,5,11,45.5,2,3,66.7,2,2,100.0,0,0.0,0.0,0,0,0,0,0,Matches
158,Ibrahim Diakité,fr FRA,MF,Reims,18-140,2003,0.0,1,3,33.3,17,16,0,1,0.0,1,1,100.0,0,1,0.0,0,0.0,0.0,0,0,0,0,0,Matches
159,Abdou Diallo,sn SEN,DF,Paris S-G,25-320,1996,9.6,612,684,89.5,11135,4146,248,268,92.5,294,315,93.3,62,86,72.1,1,0.6,+0.4,4,34,8,3,51,Matches
160,Habib Diallo,sn SEN,FW,Strasbourg,26-275,1995,13.1,213,299,71.2,3003,511,138,172,80.2,54,76,71.1,13,21,61.9,1,1.6,-0.6,10,10,8,3,15,Matches
161,Mouhamadou Diarra,sn SEN,MF,Strasbourg,18-076,2004,0.0,1,1,100.0,57,0,0,0,,0,0,,1,1,100.0,0,0.0,0.0,0,0,0,0,0,Matches
162,Stéphane Diarra,fr FRA,FWMF,Lorient,23-101,1998,5.6,132,183,72.1,2344,489,68,83,81.9,45,59,76.3,16,29,55.2,0,1.5,-1.5,11,7,5,1,15,Matches
163,Krepin Diatta,sn SEN,MFDF,Monaco,23-023,1999,3.2,83,106,78.3,1211,373,51,57,89.5,27,36,75.0,4,4,100.0,0,0.1,-0.1,3,7,2,0,15,Matches
164,Bamba Dieng,sn SEN,FWMF,Marseille,21-362,2000,8.0,103,142,72.5,1501,252,55,72,76.4,36,42,85.7,6,10,60.0,0,0.1,-0.1,1,1,1,0,6,Matches
165,Elhadji Dieye,sn SEN,MFFW,Saint-Étienne,19-288,2002,0.4,4,9,44.4,42,27,4,8,50.0,0,0,,0,1,0.0,0,0.0,0.0,0,0,0,0,0,Matches
166,Javairô Dilrosun,nl NED,FWMF,Bordeaux,23-271,1998,11.5,263,348,75.6,4418,1131,144,162,88.9,71,98,72.4,36,55,65.5,3,1.9,+1.1,17,20,15,2,30,Matches
167,Junior Dina Ebimbe,fr FRA,MF,Paris S-G,21-119,2000,2.7,160,174,92.0,2969,518,66,72,91.7,72,74,97.3,19,22,86.4,0,0.1,-0.1,1,16,2,0,5,Matches
168,Tristan Dingomé,cm CMR,MFFW,Troyes,31-031,1991,10.2,355,475,74.7,6210,1923,181,221,81.9,112,149,75.2,45,78,57.7,4,2.2,+1.8,18,38,11,4,39,Matches
169,Sinaly Diomande,ci CIV,DF,Lyon,20-345,2001,6.4,440,468,94.0,10194,2983,95,100,95.0,251,261,96.2,93,106,87.7,0,0.0,0.0,1,14,0,0,21,Matches
170,Sofiane Diop,fr FRA,MFFW,Monaco,21-284,2000,20.9,704,952,73.9,12726,3540,338,405,83.5,251,316,79.4,94,170,55.3,4,3.3,+0.7,35,55,39,7,100,Matches
171,Andy Diouf,fr FRA,MF,Rennes,19-307,2002,0.2,7,9,77.8,119,7,3,5,60.0,4,4,100.0,0,0,,0,0.5,-0.5,1,0,0,0,0,Matches
172,Assane Dioussé,sn SEN,MF,Saint-Étienne,24-181,1997,0.3,33,36,91.7,628,107,10,11,90.9,16,16,100.0,5,7,71.4,0,0.0,0.0,0,3,0,0,0,Matches
173,Axel Disasi,fr FRA,DF,Monaco,24-009,1998,22.3,1222,1379,88.6,27765,8318,266,289,92.0,710,758,93.7,240,316,75.9,0,0.3,-0.3,5,94,3,0,88,Matches
174,Tiago Djaló,pt POR,DF,Lille,21-345,2000,19.8,1025,1179,86.9,19215,6988,416,452,92.0,465,508,91.5,131,178,73.6,1,0.2,+0.8,2,46,3,1,51,Matches
175,Alexander Djiku,gh GHA,DF,Strasbourg,27-223,1994,21.0,905,1077,84.0,20488,7745,237,262,90.5,462,516,89.5,189,272,69.5,0,0.6,-0.6,7,93,14,3,95,Matches
176,Bryan Djile Nokoué,cm CMR,DFMF,Saint-Étienne,19-301,2002,0.6,22,29,75.9,435,125,8,9,88.9,11,12,91.7,3,6,50.0,0,0.0,0.0,0,1,0,0,1,Matches
177,Ouparine Djoco,sn SEN,GK,Clermont Foot,23-332,1998,16.0,327,498,65.7,9541,5883,60,62,96.8,143,146,97.9,118,283,41.7,0,0.0,0.0,0,1,0,0,1,Matches
178,Jeremy Doku,be BEL,MFFW,Rennes,19-297,2002,4.9,112,150,74.7,1805,480,61,79,77.2,41,50,82.0,7,14,50.0,2,1.2,+0.8,9,8,8,2,19,Matches
179,Kasper Dolberg,dk DEN,FW,Nice,24-165,1997,12.7,142,203,70.0,2034,317,88,114,77.2,38,58,65.5,10,14,71.4,1,0.6,+0.4,9,8,6,0,12,Matches
180,Brandon Domingues,fr FRA,MFFW,Troyes,21-287,2000,2.6,69,92,75.0,1118,345,30,38,78.9,30,39,76.9,5,6,83.3,0,0.3,-0.3,7,3,4,2,9,Matches
181,Anastasios Donis,gr GRE,FWMF,Reims,25-203,1996,4.1,52,93,55.9,871,175,26,34,76.5,16,34,47.1,6,14,42.9,0,0.4,-0.4,5,3,4,1,4,Matches
182,Gianluigi Donnarumma,it ITA,GK,Paris S-G,23-023,1999,11.0,277,301,92.0,6027,3245,83,83,100.0,129,132,97.7,62,83,74.7,0,0.0,0.0,0,0,0,0,0,Matches
183,Jodel Dossou,bj BEN,FW,Clermont Foot,30-003,1992,16.1,290,401,72.3,4158,1157,172,205,83.9,94,128,73.4,12,26,46.2,1,2.0,-1.0,18,18,14,6,36,Matches
184,Lucas Douath,fr FRA,MF,Saint-Étienne,18-227,2003,13.8,571,646,88.4,10651,2280,244,273,89.4,239,258,92.6,76,93,81.7,0,0.1,-0.1,5,58,2,0,39,Matches
185,Cheick Doucouré,ml MLI,MF,Lens,22-071,2000,24.8,1265,1453,87.1,23475,5803,534,587,91.0,571,636,89.8,146,191,76.4,3,2.4,+0.6,26,136,17,0,159,Matches
186,Fodé Doucouré,ml MLI,DF,Reims,21-045,2001,1.7,57,80,71.3,994,462,25,30,83.3,27,31,87.1,5,15,33.3,0,0.0,0.0,1,1,1,0,5,Matches
187,Kamory Doumbia,fr FRA,MFFW,Reims,19-030,2003,0.7,19,27,70.4,415,79,7,11,63.6,7,8,87.5,4,6,66.7,0,0.0,0.0,1,2,1,0,2,Matches
188,Moussa Doumbia,ml MLI,FWDF,Reims,27-217,1994,0.2,4,5,80.0,69,25,2,2,100.0,2,2,100.0,0,0,,0,0.0,0.0,0,0,0,0,1,Matches
189,Souleyman Doumbia,ci CIV,DF,Angers,25-177,1996,16.7,639,768,83.2,10483,2909,312,342,91.2,285,327,87.2,35,66,53.0,0,0.7,-0.7,10,19,11,8,37,Matches
190,Julian Draxler,de GER,FWMF,Paris S-G,28-181,1993,5.9,265,289,91.7,4194,794,150,159,94.3,87,95,91.6,21,27,77.8,1,1.5,-0.5,8,21,5,1,14,Matches
191,Matthieu Dreyer,fr FRA,GK,Lorient,33-000,1989,6.0,118,184,64.1,4055,2633,14,14,100.0,48,49,98.0,56,120,46.7,0,0.0,0.0,0,0,0,0,0,Matches
192,Leo Dubois,fr FRA,DF,Lyon,27-187,1994,17.9,1061,1269,83.6,19601,6334,460,496,92.7,460,525,87.6,130,217,59.9,0,1.0,-1.0,16,64,21,9,92,Matches
193,Jean-Kevin Duverne,fr FRA,DF,Brest,24-251,1997,24.7,1000,1331,75.1,19517,9199,433,503,86.1,399,503,79.3,156,278,56.1,2,1.9,+0.1,20,100,26,14,106,Matches
194,Enzo Ebosse,cm CMR,DF,Angers,23-009,1999,11.2,529,621,85.2,10664,3931,177,198,89.4,283,316,89.6,64,93,68.8,0,0.4,-0.4,6,27,3,2,32,Matches
195,Hugo Ekitike,fr FRA,FW,Reims,19-273,2002,12.8,245,350,70.0,3338,459,158,208,76.0,62,87,71.3,12,21,57.1,2,1.6,+0.4,13,8,8,2,13,Matches
196,Alberth Elis,hn HON,FWMF,Bordeaux,26-036,1996,14.2,190,299,63.5,2886,956,104,146,71.2,61,90,67.8,15,25,60.0,1,1.5,-0.5,16,19,10,4,23,Matches
197,Sepe Elye Wahi,fr FRA,FWMF,Montpellier,19-077,2003,15.3,125,191,65.4,1599,321,81,109,74.3,32,55,58.2,4,11,36.4,1,0.9,+0.1,12,7,3,0,7,Matches
198,Renaud Emond,be BEL,MFFW,Nantes,30-105,1991,2.1,23,33,69.7,339,54,12,15,80.0,7,10,70.0,2,4,50.0,0,0.0,0.0,0,2,0,0,2,Matches
199,Maxime Estève,fr FRA,DF,Montpellier,19-298,2002,12.5,391,458,85.4,8424,1901,106,120,88.3,211,233,90.6,69,94,73.4,0,0.0,0.0,1,15,1,0,17,Matches
200,Fábio,br BRA,DF,Nantes,31-254,1990,14.0,471,639,73.7,8356,3582,215,254,84.6,205,267,76.8,44,92,47.8,1,0.6,+0.4,7,37,7,2,42,Matches
201,Cesc Fàbregas,es ESP,MF,Monaco,34-320,1987,0.4,42,53,79.2,873,317,11,14,78.6,24,27,88.9,6,10,60.0,0,0.1,-0.1,2,8,3,1,9,Matches
202,Wout Faes,be BEL,DF,Reims,23-351,1998,27.0,920,1045,88.0,20980,6373,211,231,91.3,520,545,95.4,179,246,72.8,0,0.2,-0.2,3,46,2,0,44,Matches
203,Romain Faivre,fr FRA,MF,Brest,23-249,1998,19.9,666,860,77.4,11432,3907,331,386,85.8,221,272,81.3,87,152,57.2,5,3.4,+1.6,35,60,28,5,86,Matches
204,Romain Faivre,fr FRA,FW,Lyon,23-249,1998,5.4,269,330,81.5,4419,1273,138,164,84.1,99,111,89.2,24,39,61.5,0,0.7,-0.7,11,25,8,1,30,Matches
205,Wuilker Faríñez,ve VEN,GK,Lens,24-033,1998,6.5,121,159,76.1,2506,1607,39,39,100.0,50,50,100.0,23,61,37.7,0,0.0,0.0,0,1,0,0,0,Matches
206,Noah Fatar,fr FRA,DFMF,Angers,20-033,2002,0.0,4,7,57.1,88,26,1,2,50.0,3,5,60.0,0,0,,0,0.0,0.0,0,1,0,0,1,Matches
207,Julien Faussurier,fr FRA,DFFW,Brest,35-065,1987,2.3,126,160,78.8,2679,943,55,61,90.2,44,55,80.0,25,36,69.4,0,0.3,-0.3,6,8,9,4,21,Matches
208,Jordan Ferri,fr FRA,MF,Montpellier,30-008,1992,25.4,1614,1915,84.3,33342,10736,583,645,90.4,694,772,89.9,303,434,69.8,1,1.7,-0.7,18,167,20,2,160,Matches
209,Karol Fila,pl POL,DF,Strasbourg,23-280,1998,5.3,254,329,77.2,4123,1752,135,147,91.8,94,124,75.8,21,44,47.7,0,0.7,-0.7,3,9,9,2,25,Matches
210,Alexis Flips,fr FRA,MFFW,Reims,22-061,2000,10.8,290,468,62.0,5461,2134,130,151,86.1,118,169,69.8,38,117,32.5,4,2.2,+1.8,24,17,9,6,28,Matches
211,Mamadou Fofana,ml MLI,DF,Metz,24-058,1998,0.4,3,4,75.0,82,59,1,1,100.0,1,1,100.0,1,2,50.0,0,0.0,0.0,0,0,0,0,0,Matches
212,Seko Fofana,ci CIV,MF,Lens,26-317,1995,28.4,1198,1370,87.4,20311,3537,597,662,90.2,480,528,90.9,101,132,76.5,0,3.1,-3.1,33,64,39,5,88,Matches
213,Youssouf Fofana,fr FRA,MF,Monaco,23-069,1999,14.3,583,763,76.4,10915,2812,245,293,83.6,250,303,82.5,77,140,55.0,3,0.9,+2.1,10,78,18,1,85,Matches
214,Thomas Foket,be BEL,DF,Reims,27-176,1994,15.9,543,694,78.2,9590,3688,251,276,90.9,235,288,81.6,51,99,51.5,0,2.0,-2.0,16,23,17,10,43,Matches
215,Thomas Fontaine,mg MAD,DF,Lorient,30-316,1991,1.9,45,53,84.9,1117,431,7,7,100.0,27,32,84.4,11,11,100.0,0,0.0,0.0,0,4,1,0,4,Matches
216,José Fonte,pt POR,DF,Lille,38-088,1983,29.0,1362,1558,87.4,30826,9105,344,392,87.8,707,757,93.4,295,378,78.0,2,0.8,+1.2,7,74,3,0,71,Matches
217,Steven Fortes,cv CPV,DF,Lens,29-337,1992,1.0,25,29,86.2,613,170,5,7,71.4,12,12,100.0,8,10,80.0,0,0.0,0.0,0,0,0,0,2,Matches
218,Przemysław Frankowski,pl POL,DF,Lens,26-342,1995,20.5,919,1131,81.3,15743,4710,444,503,88.3,385,457,84.2,77,122,63.1,4,2.9,+1.1,30,36,26,10,79,Matches
219,Fransérgio,br BRA,MF,Bordeaux,31-153,1990,11.5,302,425,71.1,6298,1604,120,153,78.4,120,165,72.7,58,89,65.2,1,0.2,+0.8,5,34,2,0,29,Matches
220,Angelo Fulgini,fr FRA,MFFW,Angers,25-212,1996,25.3,890,1083,82.2,14235,3324,425,487,87.3,342,398,85.9,69,117,59.0,3,2.2,+0.8,30,75,20,4,89,Matches
221,Gauthier Gallon,fr FRA,GK,Troyes,28-331,1993,29.0,684,987,69.3,21137,13428,133,135,98.5,263,268,98.1,282,577,48.9,0,0.0,0.0,0,9,0,0,0,Matches
222,Kévin Gameiro,fr FRA,FW,Strasbourg,34-315,1987,17.8,426,539,79.0,5583,686,286,331,86.4,106,135,78.5,11,30,36.7,2,1.4,+0.6,12,9,13,0,28,Matches
223,Idrissa Gana Gueye,sn SEN,MF,Paris S-G,32-175,1989,14.0,965,1037,93.1,16105,3886,466,490,95.1,401,426,94.1,74,86,86.0,0,1.4,-1.4,12,92,8,1,70,Matches
224,Ignatius Ganago,cm CMR,FW,Lens,23-032,1999,8.3,98,134,73.1,1390,151,52,65,80.0,33,47,70.2,4,8,50.0,0,1.1,-1.1,8,5,3,0,8,Matches
225,Johan Gastien,fr FRA,MF,Clermont Foot,34-054,1988,23.6,1664,2004,83.0,37313,11834,524,598,87.6,730,808,90.3,385,546,70.5,1,1.1,-0.1,14,149,9,2,148,Matches
226,Valère Germain,fr FRA,FW,Montpellier,31-337,1990,16.0,237,320,74.1,3164,573,141,182,77.5,60,79,75.9,12,20,60.0,2,1.7,+0.3,13,10,12,1,23,Matches
227,Gerson,br BRA,MFFW,Marseille,24-304,1997,19.1,814,898,90.6,13112,1970,418,449,93.1,310,328,94.5,64,82,78.0,2,1.2,+0.8,14,58,10,0,41,Matches
228,Willem Geubbels,fr FRA,FWMF,Nantes,20-216,2001,3.8,73,95,76.8,1040,187,39,44,88.6,29,36,80.6,2,7,28.6,1,0.8,+0.2,1,3,0,0,2,Matches
229,Lamine Ghezali,fr FRA,DF,Saint-Étienne,22-257,1999,0.0,4,6,66.7,62,29,3,3,100.0,1,1,100.0,0,2,0.0,0,0.0,0.0,1,0,0,0,0,Matches
230,Nicholas Gioacchini,us USA,MFFW,Montpellier,21-238,2000,4.5,71,109,65.1,1022,263,43,61,70.5,20,33,60.6,4,6,66.7,2,0.7,+1.3,4,4,5,2,8,Matches
231,Jimmy Giraudon,fr FRA,DF,Troyes,30-063,1992,18.0,745,858,86.8,15691,6750,234,249,94.0,360,387,93.0,145,207,70.0,0,0.3,-0.3,3,23,2,1,28,Matches
232,Andrei Girotto,br BRA,DFMF,Nantes,30-031,1992,28.0,1059,1289,82.2,22121,6394,381,436,87.4,462,532,86.8,201,291,69.1,1,0.9,+0.1,6,66,4,2,63,Matches
233,Aleksandr Golovin,ru RUS,FWMF,Monaco,25-294,1996,8.7,322,435,74.0,5645,1448,153,175,87.4,121,150,80.7,40,92,43.5,2,1.5,+0.5,21,23,17,4,34,Matches
234,Angel Gomes,eng ENG,MFFW,Lille,21-201,2000,7.3,195,252,77.4,3397,864,92,106,86.8,74,92,80.4,24,40,60.0,0,1.1,-1.1,10,12,12,1,31,Matches
235,Alfred Gomis,sn SEN,GK,Rennes,28-196,1993,22.0,527,689,76.5,15782,9682,89,89,100.0,253,256,98.8,182,341,53.4,0,0.0,0.0,0,2,0,0,0,Matches
236,Vagner Gonçalves,cv CPV,MFFW,Metz,26-069,1996,1.0,25,38,65.8,373,153,17,19,89.5,4,7,57.1,3,7,42.9,0,0.1,-0.1,2,0,2,0,2,Matches
237,Álvaro González,es ESP,DF,Marseille,32-071,1990,5.0,357,372,96.0,7692,1650,90,93,96.8,205,211,97.2,61,66,92.4,0,0.0,0.0,0,8,0,0,12,Matches
238,Amine Gouiri,fr FRA,FWMF,Nice,22-032,2000,23.3,598,780,76.7,10014,2302,313,373,83.9,197,232,84.9,70,122,57.4,7,5.4,+1.6,40,42,27,4,52,Matches
239,Jonathan Gradit,fr FRA,DF,Lens,29-116,1992,25.1,1400,1555,90.0,28021,9481,463,496,93.3,744,793,93.8,179,239,74.9,0,1.3,-1.3,13,151,9,2,138,Matches
240,Andrew Gravillon,fr FRA,DF,Reims,24-040,1998,19.5,602,782,77.0,12956,5416,197,232,84.9,288,353,81.6,109,176,61.9,0,0.6,-0.6,8,50,8,1,60,Matches
241,Adrian Grbić,at AUT,FWMF,Lorient,25-228,1996,5.8,70,111,63.1,836,196,47,68,69.1,16,27,59.3,1,3,33.3,0,0.5,-0.5,4,4,1,0,6,Matches
242,Ivo Grbić,hr CRO,GK,Lille,26-061,1996,21.0,393,583,67.4,12097,7803,89,89,100.0,134,135,99.3,165,354,46.6,0,0.0,0.0,0,3,0,0,0,Matches
243,Etienne Green,eng ENG,GK,Saint-Étienne,21-244,2000,13.3,286,404,70.8,8795,5369,54,54,100.0,110,110,100.0,114,232,49.1,0,0.3,-0.3,1,1,0,0,0,Matches
244,Gabriel Gudmundsson,se SWE,DFMF,Lille,22-325,1999,9.8,283,398,71.1,5073,1516,126,142,88.7,117,152,77.0,35,75,46.7,0,0.5,-0.5,6,18,6,3,24,Matches
245,Noah Guede-Nadje,fr FRA,FW,Angers,18-128,2003,0.0,0,0,,0,0,0,0,,0,0,,0,0,,0,0.0,0.0,0,0,0,0,0,Matches
246,Mattéo Guendouzi,fr FRA,MF,Marseille,22-340,1999,25.8,1368,1568,87.2,26054,6321,555,614,90.4,604,668,90.4,187,230,81.3,5,2.5,+2.5,30,162,40,4,163,Matches
247,Yanis Guermouche,fr FRA,FW,Montpellier,20-339,2001,0.0,1,1,100.0,10,0,1,1,100.0,0,0,,0,0,,0,0.0,0.0,0,0,0,0,0,Matches
248,Evann Guessand,fr FRA,FW,Nice,20-262,2001,2.7,40,51,78.4,590,152,22,29,75.9,11,12,91.7,4,5,80.0,1,0.5,+0.5,2,4,0,0,3,Matches
249,Lamine Gueye,sn SEN,MFFW,Metz,24-007,1998,6.2,148,217,68.2,2503,730,79,93,84.9,47,63,74.6,18,46,39.1,3,1.0,+2.0,14,5,7,6,5,Matches
250,Pape Gueye,sn SEN,MFDF,Marseille,23-055,1999,9.5,545,604,90.2,10556,2120,227,243,93.4,247,263,93.9,71,92,77.2,1,0.3,+0.7,5,57,5,0,37,Matches
251,Josuha Guilavogui,fr FRA,MF,Bordeaux,31-182,1990,6.0,271,324,83.6,5182,1333,122,131,93.1,103,131,78.6,42,57,73.7,0,0.4,-0.4,6,28,3,1,25,Matches
252,Frederic Guilbert,fr FRA,DF,Strasbourg,27-086,1994,20.7,804,1168,68.8,15895,6805,305,361,84.5,342,445,76.9,135,307,44.0,4,2.1,+1.9,32,56,30,14,97,Matches
253,Bruno Guimarães,br BRA,MF,Lyon,24-124,1997,18.2,1177,1351,87.1,22982,5543,487,527,92.4,482,535,90.1,184,249,73.9,3,3.8,-0.8,33,149,32,2,143,Matches
254,Sehrou Guirassy,fr FRA,FW,Rennes,26-008,1996,8.4,185,230,80.4,2899,291,110,126,87.3,50,68,73.5,19,24,79.2,0,0.2,-0.2,3,6,5,0,9,Matches
255,Malo Gusto,fr FRA,DF,Lyon,18-305,2003,12.7,827,944,87.6,13458,3683,427,469,91.0,326,360,90.6,59,86,68.6,1,1.5,-0.5,12,30,10,6,44,Matches
256,Massadio Haïdara,ml MLI,DF,Lens,29-108,1992,10.8,499,590,84.6,8400,2843,246,268,91.8,215,243,88.5,29,51,56.9,1,0.4,+0.6,3,23,4,0,27,Matches
257,Oualid El Hajjam,ma MAR,DF,Troyes,31-029,1991,11.9,464,586,79.2,8350,3101,207,231,89.6,195,232,84.1,55,103,53.4,1,1.0,0.0,5,20,5,4,16,Matches
258,Achraf Hakimi,ma MAR,DF,Paris S-G,23-136,1998,18.9,1163,1296,89.7,17705,5150,647,696,93.0,441,489,90.2,53,64,82.8,4,4.3,-0.3,24,55,32,12,74,Matches
259,Pierre-Yves Hamel,fr FRA,FW,Clermont Foot,28-045,1994,5.6,79,104,76.0,1088,130,46,58,79.3,25,29,86.2,3,5,60.0,0,0.2,-0.2,3,5,3,1,4,Matches
260,Pierre-Yves Hamel,fr FRA,FWDF,Lorient,28-045,1994,0.3,3,7,42.9,35,12,2,4,50.0,1,1,100.0,0,2,0.0,0,0.1,-0.1,1,0,0,0,0,Matches
261,Romain Hamouma,fr FRA,FW,Saint-Étienne,34-356,1987,8.7,200,286,69.9,2846,593,103,122,84.4,66,85,77.6,11,40,27.5,1,0.6,+0.4,9,9,5,1,14,Matches
262,Amine Harit,ma MAR,MFFW,Marseille,24-275,1997,6.7,322,360,89.4,4801,1136,201,214,93.9,86,95,90.5,26,35,74.3,2,1.6,+0.4,15,26,9,3,27,Matches
263,Henrique,br BRA,DF,Lyon,27-329,1994,6.2,325,382,85.1,5003,1404,181,199,91.0,120,139,86.3,17,28,60.7,0,0.1,-0.1,2,8,2,0,14,Matches
264,Luis Henrique,br BRA,FWMF,Marseille,20-096,2001,7.2,154,193,79.8,2630,539,82,94,87.2,53,63,84.1,15,24,62.5,1,0.3,+0.7,7,6,7,2,14,Matches
265,Christophe Hérelle,mq MTQ,DF,Brest,29-210,1992,13.0,409,466,87.8,9577,2565,91,99,91.9,221,242,91.3,94,117,80.3,0,0.0,0.0,1,34,1,0,23,Matches
266,Jérôme Hergault,fr FRA,DFMF,Lorient,35-349,1986,3.8,158,213,74.2,2639,1142,76,97,78.4,70,90,77.8,10,19,52.6,0,0.1,-0.1,1,13,5,2,16,Matches
267,Ander Herrera,es ESP,MF,Paris S-G,32-218,1989,11.2,897,978,91.7,14928,3518,469,498,94.2,329,350,94.0,83,103,80.6,2,1.9,+0.1,19,99,15,0,70,Matches
268,Franck Honorat,fr FRA,MFFW,Brest,25-221,1996,27.0,694,1001,69.3,12623,3771,339,422,80.3,239,337,70.9,91,180,50.6,4,5.8,-1.8,53,29,40,20,76,Matches
269,Fraser Hornby,sct SCO,FWMF,Reims,22-188,1999,2.3,38,63,60.3,561,84,25,36,69.4,11,17,64.7,2,5,40.0,0,0.0,0.0,0,1,0,0,2,Matches
270,Cédric Hountondji,bj BEN,DF,Clermont Foot,28-060,1994,22.6,855,991,86.3,16233,5458,343,376,91.2,390,430,90.7,108,162,66.7,0,0.1,-0.1,1,31,1,0,32,Matches
271,Suk Hyun-jun,kr KOR,FWMF,Troyes,30-264,1991,1.7,32,41,78.0,430,122,18,24,75.0,9,10,90.0,1,1,100.0,0,0.5,-0.5,2,4,2,1,3,Matches
272,Mauro Icardi,ar ARG,FW,Paris S-G,29-029,1993,11.2,118,146,80.8,1577,130,65,77,84.4,35,42,83.3,6,8,75.0,0,0.6,-0.6,8,4,4,0,5,Matches
273,Jonathan Iglesias,uy URU,MF,Clermont Foot,33-093,1988,6.4,322,358,89.9,5226,1155,167,181,92.3,125,135,92.6,24,30,80.0,0,0.2,-0.2,3,14,2,0,12,Matches
274,Juan Ignacio Ramírez,uy URU,FW,Saint-Étienne,25-047,1997,1.4,9,13,69.2,148,65,4,5,80.0,2,4,50.0,2,3,66.7,0,0.0,0.0,0,1,0,0,2,Matches
275,Danylo Ihnatenko,ua UKR,MFFW,Bordeaux,25-007,1997,0.7,42,45,93.3,861,124,13,14,92.9,23,24,95.8,5,6,83.3,0,0.4,-0.4,3,6,1,1,3,Matches
276,Jonathan Ikone,fr FRA,MFFW,Lille,23-322,1998,11.8,332,421,78.9,5921,1454,159,182,87.4,119,144,82.6,44,67,65.7,0,2.1,-2.1,15,25,22,2,47,Matches
277,Bonke Innocent,ng NGA,MF,Lorient,26-059,1996,5.6,210,237,88.6,3917,778,85,94,90.4,97,106,91.5,26,31,83.9,0,0.3,-0.3,4,7,2,2,9,Matches
278,Wilson Isidor,fr FRA,FWMF,Monaco,21-205,2000,0.6,8,18,44.4,115,63,4,8,50.0,2,7,28.6,1,2,50.0,0,0.2,-0.2,1,2,0,0,2,Matches
279,Ismail Jakobs,de GER,DF,Monaco,22-215,1999,10.9,592,810,73.1,10102,3810,301,335,89.9,241,313,77.0,45,129,34.9,0,1.3,-1.3,11,41,23,11,71,Matches
280,Marin Jakoliš,hr CRO,FW,Angers,25-084,1996,1.1,29,42,69.0,565,110,15,17,88.2,8,11,72.7,6,8,75.0,0,0.1,-0.1,3,1,2,1,2,Matches
281,Abdel Jalil Medioub,dz ALG,DF,Bordeaux,24-204,1997,5.0,193,237,81.4,4240,1436,54,63,85.7,104,115,90.4,35,58,60.3,0,0.0,0.0,0,5,0,0,8,Matches
282,Corentin Jean,fr FRA,FWDF,Lens,26-248,1995,2.5,79,99,79.8,1277,245,42,50,84.0,29,32,90.6,5,11,45.5,0,0.1,-0.1,1,6,1,1,5,Matches
283,Jemerson,br BRA,DF,Metz,29-208,1992,9.5,265,309,85.8,5166,1722,95,104,91.3,133,146,91.1,32,49,65.3,0,0.0,0.0,1,4,1,1,8,Matches
284,Moritz Jenz,de GER,DF,Lorient,22-324,1999,13.6,498,588,84.7,10905,3337,150,169,88.8,252,276,91.3,93,130,71.5,0,0.1,-0.1,2,23,0,0,28,Matches
285,Lenny Joseph,fr FRA,FWMF,Metz,21-159,2000,1.2,12,18,66.7,168,16,8,10,80.0,4,6,66.7,0,0,,0,0.0,0.0,0,0,0,0,0,Matches
286,Issa Kaboré,bf BFA,DF,Troyes,20-312,2001,16.1,457,641,71.3,7811,3252,229,268,85.4,185,252,73.4,40,80,50.0,1,1.6,-0.6,10,26,21,11,45,Matches
287,Tino Kadewere,zw ZIM,FW,Lyon,26-074,1996,4.1,82,101,81.2,1012,213,55,58,94.8,18,26,69.2,2,7,28.6,0,0.6,-0.6,5,0,4,0,9,Matches
288,Gaël Kakuta,cd COD,MFFW,Lens,30-272,1991,17.9,502,684,73.4,8207,2191,285,347,82.1,162,213,76.1,43,87,49.4,2,3.5,-1.5,22,65,18,7,65,Matches
289,Arnaud Kalimuendo,fr FRA,FW,Lens,20-058,2002,17.5,269,332,81.0,4087,497,131,160,81.9,109,124,87.9,14,21,66.7,0,1.6,-1.6,16,5,15,3,18,Matches
290,Arnaud Kalimuendo,fr FRA,FW,Paris S-G,20-058,2002,0.1,5,5,100.0,62,0,3,3,100.0,1,1,100.0,0,0,,0,0.0,0.0,0,0,0,0,0,Matches
291,Samuel Kalu,ng NGA,FWMF,Bordeaux,24-206,1997,3.6,90,118,76.3,1643,472,46,51,90.2,33,43,76.7,10,18,55.6,1,0.2,+0.8,3,14,4,1,13,Matches
292,Boubacar Kamara,fr FRA,MF,Marseille,22-117,1999,21.0,1454,1614,90.1,25739,5798,696,737,94.4,550,596,92.3,175,229,76.4,0,1.0,-1.0,15,132,13,3,92,Matches
293,Hassane Kamara,ci CIV,MFDF,Nice,27-182,1994,6.0,240,297,80.8,3894,732,118,131,90.1,105,121,86.8,13,35,37.1,0,1.1,-1.1,3,4,7,4,14,Matches
294,Jean-Armel Kana-Biyik,cm CMR,DF,Metz,32-260,1989,4.5,221,248,89.1,4630,1251,55,61,90.2,136,142,95.8,29,43,67.4,0,0.0,0.0,0,0,0,0,6,Matches
295,Nordine Kandil,fr FRA,MFFW,Strasbourg,20-140,2001,0.9,47,64,73.4,766,309,27,30,90.0,16,24,66.7,4,6,66.7,1,0.4,+0.6,1,8,2,0,9,Matches
296,Eiji Kawashima,jp JPN,GK,Strasbourg,39-000,1983,1.0,28,31,90.3,677,319,4,4,100.0,17,17,100.0,7,10,70.0,0,0.0,0.0,0,0,0,0,0,Matches
297,Ilan Kebbal,dz ALG,MFFW,Reims,23-254,1998,15.7,506,676,74.9,8761,3181,240,299,80.3,186,226,82.3,60,105,57.1,4,2.7,+1.3,28,55,36,5,81,Matches
298,Thilo Kehrer,de GER,DF,Paris S-G,25-180,1996,14.5,982,1039,94.5,17017,4704,425,436,97.5,470,495,94.9,72,85,84.7,0,0.0,0.0,1,48,1,0,33,Matches
299,Habib Keita,ml MLI,MFFW,Lyon,20-043,2002,0.1,6,6,100.0,93,19,3,3,100.0,2,2,100.0,0,0,,0,0.0,0.0,0,0,0,0,0,Matches
300,Saîf-Eddine Khaoui,tn TUN,MF,Clermont Foot,26-327,1995,4.2,140,187,74.9,2287,539,80,95,84.2,37,48,77.1,18,34,52.9,0,0.2,-0.2,3,9,3,0,9,Matches
301,Wahbi Khazri,tn TUN,FWMF,Saint-Étienne,31-040,1991,21.2,363,525,69.1,6609,1901,185,220,84.1,111,158,70.3,52,106,49.1,0,2.3,-2.3,28,39,20,3,48,Matches
302,Presnel Kimpembe,fr FRA,DF,Paris S-G,26-219,1995,20.8,1662,1716,96.9,31294,9783,611,626,97.6,865,884,97.9,169,184,91.8,0,0.1,-0.1,2,131,2,1,81,Matches
303,Justin Kluivert,nl NED,MF,Nice,22-319,1999,13.2,279,419,66.6,5125,1568,135,164,82.3,98,138,71.0,37,94,39.4,3,2.3,+0.7,19,17,17,7,37,Matches
304,Philippe Koffi,fr FRA,FW,Reims,20-011,2002,4.2,52,81,64.2,699,82,33,43,76.7,9,19,47.4,4,7,57.1,0,0.2,-0.2,4,1,2,0,2,Matches
305,Sead Kolašinac,ba BIH,DF,Marseille,28-273,1993,2.5,90,112,80.4,1343,385,52,61,85.2,33,41,80.5,3,6,50.0,1,0.2,+0.8,3,4,4,2,4,Matches
306,Randal Kolo Muani,fr FRA,FW,Nantes,23-105,1998,26.3,301,453,66.4,4030,741,188,250,75.2,84,132,63.6,11,24,45.8,2,2.5,-0.5,23,12,8,2,20,Matches
307,Timothée Kolodziejczak,fr FRA,DF,Saint-Étienne,30-170,1991,25.1,1118,1410,79.3,20493,8117,471,525,89.7,502,598,83.9,127,232,54.7,2,1.3,+0.7,23,50,20,9,97,Matches
308,Ghislain Konan,ci CIV,DF,Reims,26-083,1995,20.9,798,1046,76.3,14089,6379,371,420,88.3,326,403,80.9,87,174,50.0,2,2.0,0.0,22,46,19,10,81,Matches
309,Ibrahima Koné,ml MLI,FW,Lorient,22-277,1999,1.5,23,33,69.7,288,63,16,22,72.7,7,7,100.0,0,2,0.0,0,0.3,-0.3,3,1,1,1,0,Matches
310,Youssouf Koné,ml MLI,DF,Troyes,26-258,1995,7.7,224,285,78.6,3888,1722,102,106,96.2,104,124,83.9,18,45,40.0,1,0.8,+0.2,6,13,10,5,25,Matches
311,Laurent Koscielny,fr FRA,DF,Bordeaux,36-191,1985,10.4,496,544,91.2,12164,3946,92,99,92.9,268,279,96.1,134,162,82.7,1,0.1,+0.9,2,25,0,0,30,Matches
312,Rominigue Kouamé,ml MLI,MF,Troyes,25-093,1996,25.3,1062,1217,87.3,19001,4156,476,535,89.0,446,494,90.3,115,144,79.9,2,1.9,+0.1,18,112,19,4,110,Matches
313,Boubakar Kouyaté,ml MLI,DF,Metz,24-339,1997,20.6,642,760,84.5,14469,3626,136,156,87.2,381,417,91.4,116,165,70.3,0,0.1,-0.1,3,17,1,0,21,Matches
314,Jean-Philippe Krasso,fr FRA,FW,Saint-Étienne,24-246,1997,5.0,69,106,65.1,973,251,32,44,72.7,18,27,66.7,7,16,43.8,1,0.6,+0.4,4,4,1,1,9,Matches
315,Mykola Kukharevych,ua UKR,FW,Troyes,20-262,2001,0.2,4,6,66.7,38,0,4,6,66.7,0,0,,0,0,,0,0.0,0.0,0,0,0,0,0,Matches
316,Enock Kwateng,fr FRA,DF,Bordeaux,24-345,1997,18.6,846,1003,84.3,14848,6491,401,440,91.1,352,408,86.3,81,128,63.3,0,0.6,-0.6,10,58,15,7,90,Matches
317,Grejohn Kyei,fr FRA,FW,Clermont Foot,26-220,1995,2.4,32,41,78.0,414,99,23,28,82.1,6,8,75.0,3,3,100.0,0,0.7,-0.7,5,2,0,0,2,Matches
318,Gaëtan Laborde,fr FRA,FW,Rennes,27-321,1994,23.0,330,495,66.7,4976,1103,186,245,75.9,111,179,62.0,24,33,72.7,7,3.3,+3.7,28,21,23,8,37,Matches
319,Gaëtan Laborde,fr FRA,FW,Montpellier,27-321,1994,3.8,61,97,62.9,969,309,35,52,67.3,16,26,61.5,6,8,75.0,0,0.5,-0.5,4,4,3,2,6,Matches
320,Tom Lacoux,fr FRA,MFDF,Bordeaux,20-054,2002,5.9,191,227,84.1,3548,849,76,85,89.4,86,94,91.5,23,33,69.7,0,0.3,-0.3,1,7,1,0,10,Matches
321,Lenny Lacroix,fr FRA,DF,Metz,19-042,2003,0.5,12,15,80.0,213,86,5,5,100.0,7,7,100.0,0,3,0.0,0,0.0,0.0,0,0,0,0,0,Matches
322,Alban Lafont,fr FRA,GK,Nantes,23-056,1999,29.0,499,844,59.1,17266,12170,61,62,98.4,214,217,98.6,223,563,39.6,0,0.0,0.0,0,14,0,0,0,Matches
323,Julien Laporte,fr FRA,DF,Lorient,28-136,1993,24.1,962,1121,85.8,24329,8528,192,209,91.9,460,500,92.0,302,396,76.3,0,0.4,-0.4,3,66,8,0,58,Matches
324,Yasser Larouci,dz ALG,DF,Troyes,21-078,2001,1.5,45,55,81.8,807,267,24,30,80.0,13,14,92.9,6,8,75.0,0,0.0,0.0,0,2,4,2,5,Matches
325,Paul Lasne,fr FRA,MFFW,Brest,33-063,1989,2.7,106,130,81.5,1866,408,44,52,84.6,44,52,84.6,12,18,66.7,1,0.5,+0.5,4,6,4,0,10,Matches
326,Armand Lauriente,fr FRA,FWMF,Lorient,23-106,1998,20.2,416,535,77.8,6753,1837,218,261,83.5,153,191,80.1,32,49,65.3,1,3.7,-2.7,34,31,26,12,50,Matches
327,Théo Le Bris,fr FRA,MF,Lorient,19-170,2002,0.7,12,16,75.0,149,34,8,10,80.0,3,4,75.0,0,0,,0,0.0,0.0,0,0,0,0,1,Matches
328,Jérémy Le Douaron,fr FRA,FW,Brest,23-333,1998,15.2,197,300,65.7,2663,438,133,163,81.6,42,81,51.9,9,17,52.9,3,2.6,+0.4,13,8,9,5,12,Matches
329,Enzo Le Fée,fr FRA,MF,Lorient,22-045,2000,16.6,668,842,79.3,13055,3787,300,335,89.6,240,293,81.9,112,179,62.6,2,1.8,+0.2,34,65,11,4,68,Matches
330,Vincent Le Goff,fr FRA,DF,Lorient,32-156,1989,24.0,967,1262,76.6,17433,7473,422,481,87.7,447,545,82.0,86,181,47.5,0,1.6,-1.6,16,80,25,11,111,Matches
331,Maxime Le Marchand,fr FRA,DF,Strasbourg,32-160,1989,7.2,327,376,87.0,6731,2734,109,116,94.0,163,178,91.6,49,73,67.1,0,0.1,-0.1,1,11,1,1,17,Matches
332,Jean-Louis Leca,fr FRA,GK,Lens,36-180,1985,22.5,488,638,76.5,13080,8575,141,141,100.0,182,185,98.4,154,300,51.3,0,0.0,0.0,0,5,0,0,0,Matches
333,Félix Lemaréchal,ci CIV,MF,Monaco,18-225,2003,0.1,12,15,80.0,202,13,6,7,85.7,5,6,83.3,1,1,100.0,0,0.0,0.0,0,1,0,0,0,Matches
334,Mario Lemina,ga GAB,MF,Nice,28-200,1993,17.5,863,979,88.2,16828,4099,304,334,91.0,425,457,93.0,122,166,73.5,0,0.1,-0.1,2,66,7,1,60,Matches
335,Fabien Lemoine,fr FRA,MF,Lorient,35-004,1987,9.5,565,642,88.0,10848,2673,207,232,89.2,263,284,92.6,79,102,77.5,1,0.8,+0.2,6,37,3,1,42,Matches
336,Léo Leroy,fr FRA,MF,Montpellier,22-034,2000,2.2,91,111,82.0,1773,396,35,44,79.5,36,39,92.3,16,18,88.9,0,0.0,0.0,1,4,0,0,5,Matches
337,Yanis Lhery,fr FRA,FWMF,Saint-Étienne,18-317,2003,0.8,11,15,73.3,106,19,9,10,90.0,0,1,0.0,0,1,0.0,0,0.0,0.0,0,0,0,0,0,Matches
338,Dimitri Liénard,fr FRA,DFMF,Strasbourg,34-035,1988,15.5,715,995,71.9,14607,4614,281,321,87.5,310,372,83.3,113,263,43.0,2,2.1,-0.1,31,62,26,14,78,Matches
339,Isaac Lihadji,fr FRA,MFDF,Lille,19-344,2002,1.8,46,65,70.8,754,255,25,28,89.3,13,18,72.2,6,10,60.0,2,0.6,+1.4,8,5,2,1,6,Matches
340,Pol Lirola,es ESP,DFMF,Marseille,24-219,1997,16.7,748,934,80.1,12466,3372,384,437,87.9,286,341,83.9,67,112,59.8,2,2.7,-0.7,22,47,28,15,52,Matches
341,Banzouzi Locko,fr FRA,DFMF,Reims,19-318,2002,7.5,237,310,76.5,4082,1850,117,134,87.3,92,120,76.7,24,45,53.3,0,0.3,-0.3,5,19,7,2,32,Matches
342,Anthony Lopes,pt POR,GK,Lyon,31-170,1990,26.8,761,900,84.6,20531,11848,129,130,99.2,380,381,99.7,251,387,64.9,0,0.0,0.0,0,3,0,0,0,Matches
343,Pau López,es ESP,GK,Marseille,27-097,1994,24.0,927,1103,84.0,23520,11597,156,157,99.4,517,522,99.0,248,417,59.5,1,0.6,+0.4,1,11,0,0,2,Matches
344,Dion Lopy,sn SEN,MF,Reims,20-046,2002,11.2,333,384,86.7,6463,980,149,170,87.6,126,141,89.4,53,64,82.8,0,0.2,-0.2,6,16,0,0,23,Matches
345,Samuel Loric,fr FRA,DF,Lorient,21-258,2000,3.0,88,128,68.8,1430,408,53,61,86.9,26,40,65.0,9,20,45.0,0,0.0,0.0,0,1,2,2,2,Matches
346,Jordan Lotomba,ch SUI,DF,Nice,23-172,1998,14.4,621,749,82.9,10026,4111,328,362,90.6,237,274,86.5,45,78,57.7,0,0.8,-0.8,9,48,7,5,58,Matches
347,Jean Lucas,br BRA,MF,Monaco,23-271,1998,14.7,615,776,79.3,11781,2476,280,320,87.5,223,266,83.8,100,155,64.5,1,1.7,-0.7,16,56,19,4,53,Matches
348,Castello Lukeba,fr FRA,DF,Lyon,19-093,2002,14.3,987,1065,92.7,19747,6341,315,332,94.9,543,576,94.3,124,142,87.3,0,0.1,-0.1,3,41,1,0,64,Matches
349,Levi Lumeka,eng ENG,DFFW,Troyes,23-196,1998,0.7,10,17,58.8,178,25,5,6,83.3,2,6,33.3,2,4,50.0,0,0.0,0.0,0,2,1,1,0,Matches
350,Yannis M'Bemba,fr FRA,DFFW,Nantes,20-262,2001,0.1,4,5,80.0,62,13,3,3,100.0,0,0,,1,2,50.0,0,0.0,0.0,0,0,0,0,0,Matches
351,Deiver Machado,co COL,DF,Lens,28-199,1993,3.6,108,130,83.1,1840,691,50,58,86.2,47,52,90.4,9,14,64.3,0,0.2,-0.2,4,3,4,3,9,Matches
352,Yvann Macon,fr FRA,DF,Saint-Étienne,23-170,1998,13.8,633,832,76.1,11031,3808,329,376,87.5,224,288,77.8,72,122,59.0,0,1.5,-1.5,13,36,16,10,53,Matches
353,Louis Mafouta,cf CTA,FW,Metz,27-261,1994,4.0,78,94,83.0,990,88,57,64,89.1,12,19,63.2,3,3,100.0,0,0.1,-0.1,1,2,0,0,3,Matches
354,Hugo Magnetti,fr FRA,MF,Brest,23-294,1998,14.0,524,609,86.0,10334,1834,221,241,91.7,204,225,90.7,87,112,77.7,0,0.4,-0.4,7,46,8,2,34,Matches
355,Yohann Magnin,fr FRA,MFDF,Clermont Foot,24-272,1997,11.4,425,529,80.3,7174,1856,213,246,86.6,158,197,80.2,42,66,63.6,0,0.5,-0.5,5,21,6,2,21,Matches
356,Habib Maïga,ci CIV,MFFW,Metz,26-078,1996,14.1,470,590,79.7,8366,2165,204,236,86.4,206,243,84.8,44,79,55.7,0,0.6,-0.6,10,44,3,2,36,Matches
357,Josh Maja,ng NGA,FW,Bordeaux,23-083,1998,0.1,5,6,83.3,90,13,1,1,100.0,4,5,80.0,0,0,,0,0.1,-0.1,1,0,1,0,1,Matches
358,Abdul Majeed Waris,gh GHA,MFFW,Strasbourg,30-182,1991,3.6,97,129,75.2,1327,284,64,74,86.5,23,32,71.9,5,10,50.0,0,0.6,-0.6,4,4,4,1,8,Matches
359,Lovro Majer,hr CRO,MF,Rennes,24-062,1998,12.2,516,665,77.6,9463,2459,234,269,87.0,197,242,81.4,73,126,57.9,7,4.2,+2.8,28,46,23,5,50,Matches
360,Béni Makouana,cg CGO,FWMF,Montpellier,19-173,2002,2.3,45,62,72.6,609,178,25,31,80.6,18,24,75.0,0,1,0.0,0,0.2,-0.2,2,2,3,1,5,Matches
361,Hianga Mananga Mbock,fr FRA,MF,Brest,22-082,1999,8.2,246,275,89.5,4656,896,84,92,91.3,137,150,91.3,21,25,84.0,0,0.0,0.0,1,29,2,0,23,Matches
362,Vincent Manceau,fr FRA,DF,Angers,32-253,1989,22.9,1287,1439,89.4,27786,11357,350,370,94.6,692,742,93.3,233,296,78.7,0,0.3,-0.3,3,85,4,0,76,Matches
363,Steve Mandanda,fr FRA,GK,Marseille,36-357,1985,4.0,102,117,87.2,2719,1735,27,28,96.4,42,44,95.5,33,45,73.3,0,0.0,0.0,1,3,0,0,0,Matches
364,Reinildo Mandava,mz MOZ,DF,Lille,28-058,1994,16.9,804,962,83.6,12915,4512,415,444,93.5,316,362,87.3,55,117,47.0,0,0.2,-0.2,4,47,4,1,50,Matches
365,Eliaquim Mangala,fr FRA,DF,Saint-Étienne,31-035,1991,5.5,252,272,92.6,5439,1197,51,52,98.1,163,171,95.3,35,44,79.5,0,0.0,0.0,0,6,1,0,7,Matches
366,Thomas Mangani,fr FRA,MF,Angers,34-325,1987,21.4,1019,1274,80.0,19966,5700,438,495,88.5,408,488,83.6,157,252,62.3,2,1.0,+1.0,20,97,10,3,105,Matches
367,Ricardo Mangas,pt POR,DF,Bordeaux,24-001,1998,18.3,615,779,78.9,11712,4712,242,284,85.2,290,349,83.1,72,116,62.1,1,0.2,+0.8,7,37,9,1,56,Matches
368,Myziane Maolida,fr FRA,MFFW,Nice,23-034,1999,0.4,4,7,57.1,43,0,2,3,66.7,1,1,100.0,0,0,,0,0.0,0.0,0,0,0,0,0,Matches
369,Sekou Mara,fr FRA,FW,Bordeaux,19-233,2002,5.4,80,125,64.0,1207,268,48,64,75.0,22,36,61.1,7,15,46.7,0,0.1,-0.1,2,8,2,0,11,Matches
370,Marcelo,br BRA,DF,Bordeaux,34-304,1987,5.0,276,318,86.8,6391,1943,71,76,93.4,139,148,93.9,64,90,71.1,0,0.1,-0.1,1,13,0,0,14,Matches
371,Marcelo,br BRA,DF,Lyon,34-304,1987,2.0,149,165,90.3,3320,836,37,42,88.1,78,85,91.8,32,35,91.4,0,0.0,0.0,0,4,0,0,10,Matches
372,Guillermo Maripán,cl CHI,DF,Monaco,27-318,1994,18.2,1121,1240,90.4,25469,7596,243,263,92.4,654,683,95.8,214,273,78.4,0,0.5,-0.5,1,83,1,0,75,Matches
373,Marquinhos,br BRA,DF,Paris S-G,27-310,1994,23.0,1622,1738,93.3,35116,10165,436,452,96.5,882,914,96.5,289,354,81.6,0,0.3,-0.3,5,122,7,1,73,Matches
374,Jonas Martin,fr FRA,MF,Rennes,31-345,1990,17.7,1094,1223,89.5,20248,5253,472,513,92.0,472,511,92.4,132,165,80.0,1,1.3,-0.3,10,107,6,0,83,Matches
375,Gelson Martins,pt POR,FWMF,Monaco,26-313,1995,19.1,470,608,77.3,6868,1406,270,314,86.0,165,213,77.5,18,32,56.3,2,2.3,-0.3,20,19,14,4,35,Matches
376,Pape Matar Sarr,sn SEN,MF,Metz,19-187,2002,16.4,604,733,82.4,11775,2530,246,284,86.6,255,288,88.5,92,139,66.2,1,0.6,+0.4,14,54,7,0,51,Matches
377,Eliot Matazo,be BEL,MF,Monaco,20-033,2002,7.8,329,370,88.9,6106,1212,130,141,92.2,160,168,95.2,32,47,68.1,0,0.1,-0.1,4,35,5,0,34,Matches
378,Chrislain Matsima,fr FRA,DF,Monaco,19-309,2002,1.4,70,81,86.4,1542,535,17,20,85.0,41,47,87.2,12,12,100.0,0,0.0,0.0,0,5,0,0,4,Matches
379,Azor Matusiwa,nl NED,MF,Reims,23-326,1998,18.8,674,799,84.4,13704,2946,272,318,85.5,263,292,90.1,130,167,77.8,1,0.7,+0.3,10,64,5,1,56,Matches
380,Stephy Mavididi,eng ENG,FWMF,Montpellier,23-293,1998,18.8,343,432,79.4,4641,904,216,254,85.0,92,115,80.0,16,23,69.6,3,2.8,+0.2,18,6,11,5,13,Matches
381,Derek Mazou-Sacko,fr FRA,FW,Troyes,17-165,2004,0.0,0,0,,0,0,0,0,,0,0,,0,0,,0,0.0,0.0,0,0,0,0,0,Matches
382,Kylian Mbappé,fr FRA,FW,Paris S-G,23-090,1998,23.6,771,976,79.0,11638,2325,460,539,85.3,203,249,81.5,65,108,60.2,11,7.0,+4.0,46,41,39,9,59,Matches
383,Amadou Mbengue,sn SEN,DFMF,Metz,20-074,2002,5.4,181,219,82.6,4111,1480,49,53,92.5,102,110,92.7,29,52,55.8,0,0.0,0.0,1,15,0,0,10,Matches
384,Jason Mbock,fr FRA,FW,Angers,22-139,1999,0.2,3,5,60.0,32,0,3,4,75.0,0,0,,0,0,,0,0.0,0.0,0,0,0,0,0,Matches
385,Moustapha Mbow,sn SEN,DF,Reims,22-012,2000,1.0,22,27,81.5,534,176,8,9,88.9,7,10,70.0,6,7,85.7,0,0.0,0.0,0,0,0,0,0,Matches
386,Nathanael Mbuku,fr FRA,FWMF,Reims,20-004,2002,13.4,231,313,73.8,3747,894,118,137,86.1,85,113,75.2,18,32,56.3,1,0.7,+0.3,9,27,7,1,22,Matches
387,Facundo Medina,ar ARG,DF,Lens,22-296,1999,22.8,1631,1812,90.0,31879,12151,628,664,94.6,749,805,93.0,231,300,77.0,0,0.1,-0.1,2,142,3,0,136,Matches
388,Farid El Melali,dz ALG,FW,Angers,24-250,1997,0.2,2,5,40.0,36,0,1,1,100.0,1,1,100.0,0,1,0.0,0,0.0,0.0,0,0,0,0,0,Matches
389,Birger Meling,no NOR,DF,Rennes,27-093,1994,17.7,835,974,85.7,15396,4630,366,405,90.4,353,403,87.6,102,127,80.3,4,1.3,+2.7,13,38,13,4,79,Matches
390,Houboulang Mendes,fr FRA,DF,Lorient,23-320,1998,26.8,899,1076,83.6,16988,5394,361,388,93.0,415,467,88.9,111,184,60.3,0,1.0,-1.0,10,34,8,7,57,Matches
391,Nuno Mendes,pt POR,DF,Paris S-G,19-274,2002,12.2,700,804,87.1,11662,2903,348,380,91.6,288,322,89.4,54,75,72.0,1,1.9,-0.9,12,43,9,4,36,Matches
392,Thiago Mendes,br BRA,MFDF,Lyon,30-005,1992,14.0,941,1065,88.4,19401,5052,336,361,93.1,427,456,93.6,162,220,73.6,0,0.9,-0.9,8,80,4,0,68,Matches
393,Arial Mendy,sn SEN,FWDF,Clermont Foot,27-133,1994,5.2,167,226,73.9,2698,982,96,113,85.0,54,75,72.0,15,27,55.6,0,1.0,-1.0,7,7,5,3,10,Matches
394,Batista Mendy,fr FRA,MFDF,Angers,22-067,2000,20.0,871,993,87.7,17766,4681,280,310,90.3,444,480,92.5,132,179,73.7,0,0.4,-0.4,4,60,2,0,63,Matches
395,Gideon Mensah,gh GHA,DF,Bordeaux,23-245,1998,9.2,488,574,85.0,8603,2722,228,251,90.8,214,243,88.1,38,58,65.5,1,0.8,+0.2,10,29,13,10,33,Matches
396,Quentin Merlin,fr FRA,DF,Nantes,19-308,2002,13.9,665,877,75.8,12141,5697,318,360,88.3,250,306,81.7,89,176,50.6,1,1.5,-0.5,19,78,15,8,92,Matches
397,Lionel Messi,ar ARG,FWMF,Paris S-G,34-269,1987,15.9,932,1111,83.9,16071,5405,476,537,88.6,326,369,88.3,106,146,72.6,10,6.5,+3.5,48,132,64,4,182,Matches
398,Mexer,mz MOZ,DF,Bordeaux,33-193,1988,13.6,580,684,84.8,13879,4073,135,143,94.4,297,324,91.7,142,203,70.0,0,0.0,0.0,0,26,1,0,19,Matches
399,Edouard Michut,fr FRA,MF,Paris S-G,19-016,2003,0.3,19,21,90.5,277,79,13,13,100.0,4,4,100.0,2,2,100.0,1,0.1,+0.9,1,0,0,0,0,Matches
400,Georges Mikautadze,ge GEO,FW,Metz,21-140,2000,0.0,0,1,0.0,0,0,0,0,,0,0,,0,0,,0,0.0,0.0,0,0,0,0,0,Matches
401,William Mikelbrencis,fr FRA,DF,Metz,18-023,2004,1.7,63,84,75.0,1027,478,37,43,86.0,22,29,75.9,3,10,30.0,0,0.0,0.0,0,5,0,0,7,Matches
402,Arkadiusz Milik,pl POL,FW,Marseille,28-020,1994,11.8,232,283,82.0,3471,396,124,142,87.3,70,81,86.4,16,19,84.2,1,1.9,-0.9,13,10,9,0,14,Matches
403,Terem Moffi,ng NGA,FW,Lorient,22-299,1999,22.8,347,460,75.4,5219,946,209,251,83.3,85,121,70.2,32,48,66.7,3,2.9,+0.1,23,24,13,4,28,Matches
404,Dion Moise Sahi,ci CIV,FWMF,Strasbourg,20-090,2001,1.1,34,36,94.4,519,118,18,20,90.0,14,14,100.0,1,1,100.0,0,0.1,-0.1,1,3,1,1,4,Matches
405,Florent Mollet,fr FRA,FWMF,Montpellier,30-121,1991,22.0,718,897,80.0,12052,3114,369,410,90.0,244,290,84.1,77,139,55.4,2,2.1,-0.1,22,48,19,6,65,Matches
406,Thomas Monconduit,fr FRA,MF,Lorient,31-038,1991,18.7,743,965,77.0,15473,4961,276,338,81.7,312,380,82.1,139,212,65.6,2,2.7,-0.7,23,91,11,2,107,Matches
407,Jérémy Morel,mg MAD,DF,Lorient,37-352,1984,3.6,120,146,82.2,2616,887,30,32,93.8,66,75,88.0,23,38,60.5,0,0.1,-0.1,1,5,0,0,6,Matches
408,Lebo Mothiba,za RSA,FW,Strasbourg,26-051,1996,0.0,0,0,,0,0,0,0,,0,0,,0,0,,0,0.0,0.0,0,0,0,0,0,Matches
409,Lebo Mothiba,za RSA,FW,Troyes,26-051,1996,3.4,65,77,84.4,779,93,42,45,93.3,13,17,76.5,3,6,50.0,0,0.6,-0.6,5,2,1,1,0,Matches
410,Baptiste Mouazan,fr FRA,MF,Lorient,20-174,2001,1.1,25,32,78.1,386,82,11,12,91.7,11,12,91.7,2,6,33.3,0,0.0,0.0,0,2,1,0,2,Matches
411,Aimen Moueffek,fr FRA,MF,Saint-Étienne,20-345,2001,4.6,196,224,87.5,3636,738,84,92,91.3,85,96,88.5,26,33,78.8,0,0.1,-0.1,2,20,2,0,19,Matches
412,Harold Moukoudi,cm CMR,DF,Saint-Étienne,24-113,1997,14.5,689,754,91.4,15872,4933,191,206,92.7,324,343,94.5,170,194,87.6,0,0.1,-0.1,1,39,1,0,29,Matches
413,Steve Mounié,bj BEN,FW,Brest,27-172,1994,18.7,314,521,60.3,4540,1109,184,272,67.6,106,184,57.6,13,30,43.3,1,0.9,+0.1,12,36,6,1,39,Matches
414,Samuel Moutoussamy,cd COD,MF,Nantes,25-220,1996,11.9,422,504,83.7,7439,1811,197,223,88.3,169,192,88.0,43,59,72.9,1,0.4,+0.6,5,27,6,1,18,Matches
415,Marshall Munetsi,zw ZIM,MFDF,Reims,25-271,1996,14.2,370,446,83.0,7231,1739,151,169,89.3,145,169,85.8,63,91,69.2,0,0.2,-0.2,3,23,0,0,19,Matches
416,Kévin N'Doram,fr FRA,MFDF,Metz,26-057,1996,8.8,251,305,82.3,5018,1209,92,113,81.4,114,132,86.4,40,50,80.0,0,0.1,-0.1,6,27,1,0,25,Matches
417,Vital N'Simba,cd COD,DF,Clermont Foot,28-255,1993,25.7,1208,1545,78.2,20426,10039,612,698,87.7,487,607,80.2,97,195,49.7,2,3.0,-1.0,22,74,34,16,135,Matches
418,Mickael Nade,fr FRA,DF,Saint-Étienne,23-016,1999,20.8,742,905,82.0,15634,4572,224,264,84.8,379,435,87.1,126,186,67.7,0,0.1,-0.1,5,39,2,0,48,Matches
419,Paul Nardi,fr FRA,GK,Lorient,27-306,1994,22.0,296,537,55.1,9649,6215,55,56,98.2,117,120,97.5,123,360,34.2,0,0.0,0.0,0,11,1,0,0,Matches
420,Keylor Navas,cr CRC,GK,Paris S-G,35-095,1986,16.7,417,458,91.0,9680,5449,121,121,100.0,187,190,98.4,108,146,74.0,0,0.0,0.0,0,0,0,0,0,Matches
421,Papa Ndiaga Yade,sn SEN,DFMF,Metz,22-074,2000,5.8,174,240,72.5,3178,850,71,84,84.5,77,100,77.0,19,43,44.2,0,0.7,-0.7,4,4,5,4,15,Matches
422,Tanguy Ndombele,fr FRA,MF,Lyon,25-082,1996,4.4,269,301,89.4,4695,1391,116,127,91.3,112,119,94.1,29,36,80.6,1,0.9,+0.1,4,39,3,0,28,Matches
423,Dan Ndoye,ch SUI,FWMF,Nice,21-146,2000,2.3,38,54,70.4,627,93,19,26,73.1,14,19,73.7,4,6,66.7,1,0.6,+0.4,2,1,1,1,2,Matches
424,Neymar,br BRA,FWMF,Paris S-G,30-043,1992,12.9,650,842,77.2,10082,3191,364,438,83.1,207,254,81.5,54,97,55.7,3,4.4,-1.4,33,68,30,2,92,Matches
425,Yvan Neyou,cm CMR,MF,Saint-Étienne,25-076,1997,9.9,404,474,85.2,7050,1402,182,211,86.3,171,194,88.1,39,53,73.6,0,0.2,-0.2,7,26,4,0,27,Matches
426,Opa Nguette,sn SEN,FWMF,Metz,27-255,1994,10.7,167,224,74.6,2229,482,100,123,81.3,51,71,71.8,4,7,57.1,2,0.3,+1.7,11,11,2,0,14,Matches
427,Sikou Niakaté,fr FRA,DF,Metz,22-253,1999,4.2,107,127,84.3,2365,783,27,31,87.1,57,65,87.7,22,25,88.0,0,0.1,-0.1,1,2,0,0,4,Matches
428,Ibrahima Niane,sn SEN,FW,Metz,23-009,1999,15.8,276,381,72.4,3879,621,158,196,80.6,91,129,70.5,11,24,45.8,1,1.3,-0.3,12,13,2,1,14,Matches
429,M'Baye Niang,sn SEN,FW,Bordeaux,27-091,1994,3.5,52,70,74.3,814,99,27,33,81.8,19,23,82.6,4,8,50.0,0,0.4,-0.4,1,3,0,0,3,Matches
430,Cheikh Niasse,sn SEN,MFFW,Lille,22-060,2000,0.5,20,25,80.0,256,55,11,14,78.6,8,9,88.9,0,0,,0,0.0,0.0,0,1,0,0,2,Matches
431,Casimir Ninga,td CHA,FW,Angers,28-307,1993,3.5,45,57,78.9,646,174,26,33,78.8,10,13,76.9,4,4,100.0,0,0.1,-0.1,2,3,1,0,5,Matches
432,Arnaud Nordin,fr FRA,FWMF,Saint-Étienne,23-276,1998,15.2,365,480,76.0,6022,1451,187,218,85.8,135,176,76.7,29,56,51.8,4,3.1,+0.9,20,18,14,5,34,Matches
433,Alexander Nübel,de GER,GK,Monaco,25-171,1996,28.0,646,849,76.1,18524,11101,117,117,100.0,299,299,100.0,227,429,52.9,0,0.0,0.0,0,2,0,0,3,Matches
434,Gerzino Nyamsi,fr FRA,DF,Strasbourg,25-057,1997,23.2,866,1008,85.9,20618,6713,181,200,90.5,471,505,93.3,208,293,71.0,2,0.2,+1.8,2,52,1,0,50,Matches
435,Florent Ogier,fr FRA,DF,Clermont Foot,32-364,1989,20.3,949,1117,85.0,19799,8343,324,354,91.5,442,494,89.5,171,251,68.1,0,0.2,-0.2,2,56,1,0,43,Matches
436,Warmed Omari,fr FRA,DF,Rennes,21-331,2000,21.1,1133,1223,92.6,27566,7793,215,229,93.9,596,626,95.2,315,348,90.5,0,0.2,-0.2,3,71,1,0,76,Matches
437,Jonas Omlin,ch SUI,GK,Montpellier,28-069,1994,22.8,681,873,78.0,18938,10643,130,135,96.3,326,333,97.9,221,399,55.4,0,0.0,0.0,0,3,0,0,1,Matches
438,Amadou Onana,be BEL,MF,Lille,20-216,2001,10.0,385,462,83.3,7137,1475,172,194,88.7,155,181,85.6,53,74,71.6,0,0.4,-0.4,7,40,4,0,35,Matches
439,Jean Onana,cm CMR,MF,Bordeaux,22-071,2000,14.1,668,810,82.5,12923,2843,280,322,87.0,262,309,84.8,113,155,72.9,2,1.1,+0.9,12,54,12,0,50,Matches
440,Otávio,br BRA,MF,Bordeaux,27-320,1994,12.7,630,707,89.1,12514,3037,233,247,94.3,292,320,91.3,92,117,78.6,0,0.1,-0.1,6,38,5,0,42,Matches
441,Dango Ouattara,bf BFA,MFFW,Lorient,20-037,2002,6.0,125,204,61.3,2163,550,61,91,67.0,40,67,59.7,19,33,57.6,0,0.3,-0.3,5,5,5,2,11,Matches
442,Remi Oudin,fr FRA,MFFW,Bordeaux,25-122,1996,17.4,405,622,65.1,7963,2343,166,212,78.3,174,237,73.4,56,139,40.3,5,2.5,+2.5,18,26,19,4,44,Matches
443,Alexandre Oukidja,dz ALG,GK,Metz,33-244,1988,18.0,316,499,63.3,12223,8471,26,26,100.0,107,109,98.2,181,362,50.0,0,0.0,0.0,0,8,1,0,0,Matches
444,Azzedine Ounahi,ma MAR,MF,Angers,21-335,2000,13.7,605,705,85.8,10486,2646,280,317,88.3,248,273,90.8,60,82,73.2,0,0.9,-0.9,11,66,13,2,62,Matches
445,Ambroise Oyongo,cm CMR,DF,Montpellier,30-271,1991,3.1,109,149,73.2,1776,749,59,72,81.9,39,54,72.2,9,18,50.0,0,0.0,0.0,2,5,5,3,9,Matches
446,Vincent Pajot,fr FRA,MF,Metz,31-213,1990,19.3,687,796,86.3,13682,2912,251,276,90.9,311,334,93.1,109,151,72.2,0,0.2,-0.2,9,70,2,1,45,Matches
447,Nicolas Pallois,fr FRA,DF,Nantes,34-182,1987,22.4,741,908,81.6,16323,5334,208,238,87.4,368,421,87.4,161,232,69.4,0,0.1,-0.1,2,52,0,0,50,Matches
448,Erik Palmer-Brown,us USA,DF,Troyes,24-330,1997,10.7,308,380,81.1,6127,2208,110,126,87.3,157,173,90.8,40,73,54.8,0,0.0,0.0,1,12,1,0,17,Matches
449,Emerson Palmieri,it ITA,DF,Lyon,27-229,1994,21.1,1290,1505,85.7,20951,6841,668,712,93.8,492,568,86.6,100,166,60.2,2,2.2,-0.2,23,68,14,7,64,Matches
450,Lucas Paquetá,br BRA,FWMF,Lyon,24-205,1997,21.9,883,1113,79.3,13254,3738,500,579,86.4,259,322,80.4,70,112,62.5,4,4.0,0.0,32,82,21,2,95,Matches
451,Rubén Pardo,es ESP,MF,Bordeaux,29-149,1992,0.1,1,1,100.0,11,9,1,1,100.0,0,0,,0,0,,0,0.0,0.0,0,0,0,0,0,Matches
452,Leandro Paredes,ar ARG,MF,Paris S-G,27-264,1994,8.1,790,829,95.3,14779,3840,324,337,96.1,368,375,98.1,92,104,88.5,2,0.2,+1.8,5,76,3,0,42,Matches
453,Strahinja Pavlović,rs SRB,DF,Monaco,20-300,2001,5.0,334,394,84.8,7161,2326,101,108,93.5,174,187,93.0,55,91,60.4,0,0.0,0.0,0,26,7,2,20,Matches
454,Dimitri Payet,fr FRA,FWMF,Marseille,34-356,1987,23.1,998,1339,74.5,19385,5667,454,524,86.6,362,450,80.4,165,324,50.9,9,8.8,+0.2,86,99,52,14,133,Matches
455,Timothee Pembele,fr FRA,DF,Bordeaux,19-192,2002,15.4,458,624,73.4,7017,2539,257,304,84.5,166,232,71.6,22,40,55.0,1,2.1,-1.1,13,29,10,5,37,Matches
456,Mathias Pereira Lage,pt POR,DFFW,Angers,25-110,1996,6.1,197,281,70.1,3168,1056,95,124,76.6,83,107,77.6,12,34,35.3,1,0.6,+0.4,4,13,4,0,17,Matches
457,Brayann Pereira,fr FRA,DF,Lens,18-303,2003,0.2,13,15,86.7,174,47,8,8,100.0,5,5,100.0,0,1,0.0,0,0.2,-0.2,1,1,1,1,0,Matches
458,Danilo Pereira,pt POR,MF,Paris S-G,30-192,1991,14.8,1016,1076,94.4,19041,4254,382,401,95.3,504,527,95.6,116,129,89.9,0,0.1,-0.1,2,63,1,0,32,Matches
459,Luan Peres Petroni,br BRA,DF,Marseille,27-244,1994,22.8,1313,1477,88.9,23567,6592,580,617,94.0,581,642,90.5,134,190,70.5,1,1.3,-0.3,14,108,8,5,66,Matches
460,Lucas Perrin,fr FRA,DF,Strasbourg,23-121,1998,21.1,950,1111,85.5,20505,7562,285,306,93.1,500,540,92.6,159,242,65.7,0,0.6,-0.6,8,111,14,2,102,Matches
461,Danijel Petković,me MNE,GK,Angers,28-299,1993,15.0,355,460,77.2,9547,4689,51,51,100.0,194,195,99.5,108,212,50.9,0,0.0,0.0,0,1,0,0,0,Matches
462,Léo Pétrot,fr FRA,DF,Lorient,24-339,1997,13.2,567,673,84.2,12366,4189,160,174,92.0,295,323,91.3,109,165,66.1,0,0.0,0.0,1,26,0,0,29,Matches
463,Romain Philippoteaux,fr FRA,MF,Brest,34-018,1988,0.3,5,7,71.4,67,11,4,5,80.0,1,1,100.0,0,0,,0,0.0,0.0,0,0,0,0,0,Matches
464,Jérôme Phojo,fr FRA,DF,Clermont Foot,28-339,1993,0.1,2,2,100.0,28,19,1,1,100.0,1,1,100.0,0,0,,0,0.0,0.0,0,0,0,0,0,Matches
465,Ronaël Pierre-Gabriel,fr FRA,DF,Brest,23-280,1998,23.3,978,1176,83.2,16326,6523,490,532,92.1,390,460,84.8,79,135,58.5,1,0.7,+0.3,14,82,18,5,98,Matches
466,Julian Pollersbeck,de GER,GK,Lyon,27-216,1994,1.2,28,34,82.4,709,460,10,10,100.0,11,11,100.0,7,13,53.8,0,0.0,0.0,0,1,0,0,0,Matches
467,Gaëtan Poussin,fr FRA,GK,Bordeaux,23-066,1999,7.0,211,268,78.7,6135,3601,33,34,97.1,102,102,100.0,75,130,57.7,0,0.0,0.0,0,1,0,0,0,Matches
468,Sanjin Prcić,ba BIH,MF,Strasbourg,28-120,1993,19.1,921,1089,84.6,19638,4806,324,369,87.8,372,412,90.3,204,273,74.7,0,1.8,-1.8,20,110,24,1,104,Matches
469,Nicolas de Préville,fr FRA,FWMF,Metz,31-071,1991,14.0,258,391,66.0,4418,1116,129,176,73.3,87,128,68.0,32,63,50.8,1,1.2,-0.2,10,19,10,5,23,Matches
470,Nemanja Radonjić,rs SRB,MF,Marseille,26-033,1996,0.2,9,10,90.0,103,43,8,9,88.9,1,1,100.0,0,0,,0,0.2,-0.2,1,0,0,0,0,Matches
471,Rafinha,br BRA,FWMF,Paris S-G,29-036,1993,2.4,168,185,90.8,2567,439,92,101,91.1,63,67,94.0,9,11,81.8,0,0.1,-0.1,2,15,0,0,10,Matches
472,Predrag Rajković,rs SRB,GK,Reims,26-140,1995,28.0,624,903,69.1,18869,10771,104,104,100.0,247,254,97.2,268,538,49.8,0,0.0,0.0,1,12,0,0,0,Matches
473,Adil Rami,fr FRA,DF,Troyes,36-083,1985,11.9,386,460,83.9,8812,3243,124,138,89.9,175,194,90.2,84,121,69.4,0,0.0,0.0,1,19,1,0,20,Matches
474,Sergio Ramos,es ESP,DF,Paris S-G,35-355,1986,2.7,273,291,93.8,6427,1984,69,72,95.8,136,143,95.1,67,75,89.3,0,0.0,0.0,0,42,2,0,28,Matches
475,Elba Rashani,xk KVX,FWMF,Clermont Foot,28-315,1993,18.5,413,533,77.5,5945,1471,251,284,88.4,130,168,77.4,19,37,51.4,3,2.8,+0.2,12,25,11,6,31,Matches
476,Jeff Reine-Adélaïde,fr FRA,MF,Lyon,24-062,1998,0.2,24,26,92.3,378,93,10,10,100.0,11,11,100.0,2,4,50.0,0,0.1,-0.1,1,0,0,0,0,Matches
477,Tiago Ribeiro,pt POR,FW,Monaco,20-006,2002,0.0,2,2,100.0,36,5,1,1,100.0,1,1,100.0,0,0,,0,0.0,0.0,0,1,0,0,0,Matches
478,Sergio Rico,es ESP,GK,Paris S-G,28-200,1993,0.3,7,8,87.5,204,116,1,1,100.0,3,3,100.0,3,4,75.0,0,0.0,0.0,0,0,0,0,0,Matches
479,Renaud Ripart,fr FRA,FWDF,Troyes,29-006,1993,14.7,357,502,71.1,5948,1512,193,236,81.8,117,166,70.5,34,60,56.7,1,1.2,-0.2,11,26,14,5,39,Matches
480,Mihailo Ristić,rs SRB,DF,Montpellier,26-140,1995,17.2,689,896,76.9,12928,5241,313,340,92.1,274,342,80.1,91,182,50.0,2,1.8,+0.2,14,50,13,10,61,Matches
481,Maxence Rivera,fr FRA,FW,Saint-Étienne,19-294,2002,0.1,0,2,0.0,0,0,0,1,0.0,0,0,,0,0,,0,0.0,0.0,0,0,0,0,0,Matches
482,Patrick Roberts,eng ENG,DF,Troyes,25-043,1997,0.2,5,6,83.3,72,13,3,3,100.0,2,2,100.0,0,0,,0,0.0,0.0,0,0,0,0,1,Matches
483,Stian Rode Gregersen,no NOR,DF,Bordeaux,26-307,1995,18.1,666,773,86.2,13289,4690,219,237,92.4,348,387,89.9,87,127,68.5,1,0.3,+0.7,1,32,1,0,29,Matches
484,Gerson Rodrigues,lu LUX,FW,Troyes,26-273,1995,9.4,166,221,75.1,2634,498,94,113,83.2,48,59,81.4,17,29,58.6,1,0.2,+0.8,6,17,8,1,14,Matches
485,Valentin Rongier,fr FRA,MFDF,Marseille,27-103,1994,16.6,1242,1367,90.9,22284,5496,543,579,93.8,558,609,91.6,126,151,83.4,1,0.7,+0.3,10,110,16,2,111,Matches
486,Pablo Rosario,nl NED,MF,Nice,25-072,1997,21.8,1059,1211,87.4,19991,4213,422,457,92.3,490,545,89.9,128,170,75.3,2,0.9,+1.1,16,87,11,1,87,Matches
487,Roli Pereira de Sa,fr FRA,MF,Nantes,25-100,1996,5.8,209,251,83.3,3435,920,110,127,86.6,73,82,89.0,20,27,74.1,0,0.5,-0.5,6,15,2,1,12,Matches
488,Mathys Saban,fr FRA,FWMF,Saint-Étienne,19-309,2002,0.8,13,18,72.2,191,56,8,11,72.7,3,4,75.0,1,1,100.0,0,0.0,0.0,0,1,2,0,2,Matches
489,Falaye Sacko,ml MLI,DF,Saint-Étienne,26-323,1995,6.1,297,350,84.9,5947,2139,102,109,93.6,145,157,92.4,46,74,62.2,0,0.1,-0.1,2,29,0,0,19,Matches
490,Rafiki Said Ahamada,fr FRA,MFFW,Brest,22-005,2000,0.7,28,37,75.7,408,114,16,20,80.0,9,10,90.0,2,5,40.0,0,0.0,0.0,0,1,3,0,8,Matches
491,Wesley Saïd,fr FRA,FWMF,Lens,26-335,1995,6.0,141,193,73.1,2470,561,69,80,86.3,53,69,76.8,15,30,50.0,0,0.6,-0.6,10,10,5,0,22,Matches
492,Mamadou Sakho,fr FRA,DF,Montpellier,32-035,1990,20.6,964,1085,88.8,18842,7684,339,360,94.2,475,507,93.7,135,193,69.9,0,0.1,-0.1,2,45,1,0,53,Matches
493,Bakary Sako,ml MLI,FWMF,Saint-Étienne,33-328,1988,1.2,20,27,74.1,334,87,8,11,72.7,10,14,71.4,1,1,100.0,0,0.0,0.0,2,3,0,0,1,Matches
494,William Saliba,fr FRA,DF,Marseille,20-361,2001,27.0,2133,2284,93.4,41802,12587,709,752,94.3,1161,1204,96.4,249,299,83.3,0,0.6,-0.6,4,150,7,1,136,Matches
495,Romain Salin,fr FRA,GK,Rennes,37-234,1984,1.0,29,32,90.6,849,494,7,7,100.0,12,12,100.0,10,13,76.9,0,0.0,0.0,0,1,0,0,0,Matches
496,Yoann Salmier,gf GUF,DF,Troyes,29-119,1992,25.5,960,1126,85.3,19004,6958,370,398,93.0,429,480,89.4,137,206,66.5,1,0.3,+0.7,5,52,4,1,67,Matches
497,Mama Samba Baldé,gw GNB,FWMF,Troyes,26-134,1995,16.9,258,376,68.6,4064,941,148,188,78.7,80,115,69.6,22,37,59.5,1,1.1,-0.1,13,20,12,0,37,Matches
498,Junior Sambia,fr FRA,DFFW,Montpellier,25-194,1996,15.5,495,643,77.0,8476,3452,258,289,89.3,175,232,75.4,48,93,51.6,0,0.4,-0.4,8,39,14,7,50,Matches
499,Renato Sanches,pt POR,MF,Lille,24-214,1997,12.7,631,787,80.2,13201,4242,235,269,87.4,261,307,85.0,121,178,68.0,5,2.8,+2.2,26,78,26,5,103,Matches
500,Philippe Sandler,nl NED,DF,Troyes,25-038,1997,0.8,20,27,74.1,316,205,13,14,92.9,6,8,75.0,1,5,20.0,0,0.0,0.0,0,2,0,0,0,Matches
501,Baptiste Santamaria,fr FRA,MF,Rennes,27-011,1995,18.0,735,877,83.8,14488,2832,284,325,87.4,324,368,88.0,111,146,76.0,1,0.8,+0.2,18,57,11,4,59,Matches
502,Pablo Sarabia,es ESP,FW,Paris S-G,29-313,1992,0.2,13,20,65.0,202,14,9,10,90.0,3,5,60.0,1,4,25.0,0,0.0,0.0,0,0,0,0,0,Matches
503,Martin Satriano,it ITA,FW,Brest,21-028,2001,4.5,44,62,71.0,635,59,26,32,81.3,12,18,66.7,4,7,57.1,0,0.0,0.0,0,1,0,0,2,Matches
504,Téji Savanier,fr FRA,MF,Montpellier,30-088,1991,21.9,878,1310,67.0,19362,6710,351,434,80.9,281,374,75.1,224,438,51.1,6,5.2,+0.8,49,125,38,15,130,Matches
505,Morgan Schneiderlin,fr FRA,MF,Nice,32-132,1989,5.3,267,310,86.1,4690,1262,128,138,92.8,108,125,86.4,28,40,70.0,1,0.2,+0.8,4,20,2,1,20,Matches
506,Alidu Seidu,ci CIV,DFFW,Clermont Foot,21-289,2000,9.6,365,419,87.1,6781,1643,165,186,88.7,148,162,91.4,48,67,71.6,0,0.1,-0.1,3,10,0,0,12,Matches
507,Matz Sels,be BEL,GK,Strasbourg,30-022,1992,27.0,486,688,70.6,15189,10054,89,89,100.0,196,197,99.5,196,397,49.4,0,0.0,0.0,0,4,0,0,1,Matches
508,Xherdan Shaqiri,ch SUI,FWMF,Lyon,30-161,1991,7.5,265,346,76.6,4762,1488,142,159,89.3,70,85,82.4,45,83,54.2,3,2.4,+0.6,16,23,18,2,39,Matches
509,Mahame Siby,ml MLI,MFDF,Strasbourg,25-256,1996,0.2,4,6,66.7,78,5,2,2,100.0,1,2,50.0,1,2,50.0,0,0.0,0.0,0,0,0,0,0,Matches
510,Aboubakar Sidibé,fr FRA,FW,Clermont Foot,25-321,1996,0.1,3,4,75.0,42,9,2,2,100.0,1,1,100.0,0,1,0.0,0,0.0,0.0,0,1,0,0,0,Matches
511,Djibril Sidibé,fr FRA,DF,Monaco,29-234,1992,10.0,576,718,80.2,10757,3949,259,286,90.6,248,289,85.8,66,126,52.4,0,0.9,-0.9,6,59,13,7,54,Matches
512,Kaj Sierhuis,nl NED,FW,Reims,23-327,1998,0.9,22,27,81.5,322,50,11,14,78.6,6,6,100.0,2,3,66.7,0,0.1,-0.1,1,1,1,0,1,Matches
513,Caio Henrique Oliveira Silva,br BRA,DF,Monaco,24-232,1997,19.8,968,1252,77.3,16620,5550,446,502,88.8,434,532,81.6,76,160,47.5,5,4.2,+0.8,27,42,27,7,98,Matches
514,Gabriel Silva,br BRA,DF,Saint-Étienne,30-311,1991,4.5,142,198,71.7,2331,1096,64,75,85.3,62,76,81.6,10,31,32.3,0,0.0,0.0,2,11,1,0,14,Matches
515,Moses Simon,ng NGA,FWMF,Nantes,26-251,1995,21.3,453,698,64.9,8078,2624,236,287,82.2,143,204,70.1,63,161,39.1,7,6.4,+0.6,58,16,32,17,40,Matches
516,Xavi Simons,nl NED,FWMF,Paris S-G,18-333,2003,1.2,43,50,86.0,560,78,30,32,93.8,8,11,72.7,2,2,100.0,0,0.1,-0.1,1,0,1,0,1,Matches
517,Issouf Sissokho,ml MLI,MF,Bordeaux,20-049,2002,4.8,185,213,86.9,3434,611,72,77,93.5,82,91,90.1,27,34,79.4,0,0.4,-0.4,7,9,7,1,10,Matches
518,Ibrahima Sissoko,fr FRA,MFDF,Strasbourg,24-144,1997,20.1,700,857,81.7,13370,4139,282,324,87.0,312,348,89.7,93,145,64.1,5,3.8,+1.2,21,64,17,4,73,Matches
519,Nelson Sissoko,fr FRA,DF,Saint-Étienne,25-013,1997,0.5,8,10,80.0,146,83,3,4,75.0,4,5,80.0,1,1,100.0,0,0.0,0.0,0,0,0,0,0,Matches
520,Sambou Sissoko,fr FRA,MFDF,Reims,22-327,1999,2.0,71,97,73.2,1309,459,25,33,75.8,38,44,86.4,8,14,57.1,0,0.3,-0.3,3,2,2,1,7,Matches
521,Islam Slimani,dz ALG,FW,Lyon,33-275,1988,6.4,151,193,78.2,2018,263,88,110,80.0,43,51,84.3,7,10,70.0,1,0.7,+0.3,7,2,10,0,12,Matches
522,Florian Sotoca,fr FRA,FWMF,Lens,31-146,1990,20.5,659,868,75.9,12490,2604,300,385,77.9,237,303,78.2,102,137,74.5,4,2.5,+1.5,24,75,16,6,82,Matches
523,Sambou Soumano,sn SEN,FW,Lorient,21-076,2001,3.8,36,63,57.1,561,89,21,30,70.0,9,16,56.3,4,9,44.4,0,0.1,-0.1,4,3,1,1,1,Matches
524,Arnaud Souquet,fr FRA,DF,Montpellier,30-036,1992,16.6,563,771,73.0,9175,3994,292,335,87.2,218,283,77.0,40,104,38.5,2,0.5,+1.5,12,27,11,2,56,Matches
525,Saidou Sow,gn GUI,DF,Saint-Étienne,19-259,2002,9.3,423,496,85.3,8743,2678,136,152,89.5,216,238,90.8,66,95,69.5,1,0.6,+0.4,3,25,1,1,25,Matches
526,Calvin Stengs,nl NED,MF,Nice,23-092,1998,9.9,255,348,73.3,4512,1633,128,159,80.5,83,109,76.1,38,63,60.3,1,2.1,-1.1,18,30,12,5,30,Matches
527,Kamaldeen Sulemana,gh GHA,MFFW,Rennes,20-033,2002,11.3,287,359,79.9,5610,1310,129,150,86.0,106,123,86.2,46,65,70.8,2,1.4,+0.6,21,14,21,7,35,Matches
528,Abdoulaye Sylla,gn GUI,DF,Nantes,21-344,2000,0.7,22,34,64.7,485,78,5,6,83.3,11,15,73.3,6,12,50.0,0,0.0,0.0,0,1,0,0,0,Matches
529,Waniss Taibi,fr FRA,MFDF,Angers,20-013,2002,1.3,46,57,80.7,745,126,26,30,86.7,16,20,80.0,4,6,66.7,0,0.0,0.0,0,2,0,0,1,Matches
530,Flavien Tait,fr FRA,MF,Rennes,29-046,1993,15.3,715,828,86.4,14116,3004,293,338,86.7,276,314,87.9,133,150,88.7,3,2.7,+0.3,24,92,20,4,80,Matches
531,Florian Tardieu,fr FRA,MF,Troyes,29-332,1992,20.2,1172,1429,82.0,23620,7205,462,507,91.1,496,560,88.6,190,323,58.8,1,2.3,-1.3,34,115,16,3,114,Matches
532,Oussama Targhalline,ma MAR,FW,Marseille,19-304,2002,0.0,2,2,100.0,21,4,2,2,100.0,0,0,,0,0,,0,0.0,0.0,0,0,0,0,0,Matches
533,Loum Tchaouna,fr FRA,MFFW,Rennes,18-193,2003,0.5,18,24,75.0,332,52,8,9,88.9,7,11,63.6,2,2,100.0,0,0.0,0.0,1,0,0,0,0,Matches
534,Warren Tchimbembé,cg CGO,MF,Metz,23-333,1998,2.3,86,98,87.8,1689,385,34,37,91.9,38,40,95.0,13,20,65.0,0,0.1,-0.1,2,9,2,1,6,Matches
535,Aurélien Tchouaméni,fr FRA,MF,Monaco,22-052,2000,23.6,1351,1555,86.9,27058,7038,498,550,90.5,627,703,89.2,212,266,79.7,1,2.0,-1.0,14,134,23,3,140,Matches
536,Mathys Tel,fr FRA,FWMF,Rennes,16-327,2005,0.5,14,20,70.0,307,86,6,8,75.0,4,7,57.1,4,4,100.0,0,0.1,-0.1,1,1,0,0,1,Matches
537,Jordan Tell,fr FRA,FW,Clermont Foot,24-283,1997,3.2,72,87,82.8,1078,180,43,46,93.5,22,28,78.6,5,6,83.3,1,1.0,0.0,3,3,2,0,4,Matches
538,Martin Terrier,fr FRA,FWMF,Rennes,25-016,1997,21.5,511,652,78.4,8425,1827,274,315,87.0,157,211,74.4,59,83,71.1,0,2.4,-2.4,26,37,27,6,65,Matches
539,Sada Thioub,sn SEN,MF,Angers,26-292,1995,0.0,2,4,50.0,15,0,2,3,66.7,0,0,,0,0,,0,0.0,0.0,0,0,0,0,0,Matches
540,Sada Thioub,sn SEN,DF,Saint-Étienne,26-292,1995,6.7,281,362,77.6,4580,1635,146,168,86.9,106,128,82.8,23,48,47.9,1,0.9,+0.1,8,19,10,3,27,Matches
541,Romain Thomas,fr FRA,DF,Angers,33-281,1988,20.8,1149,1288,89.2,26768,9247,257,273,94.1,618,660,93.6,264,338,78.1,0,0.1,-0.1,2,63,0,0,66,Matches
542,Adrien Thomasson,fr FRA,MF,Strasbourg,28-100,1993,21.1,826,1066,77.5,14174,3474,401,477,84.1,325,385,84.4,81,140,57.9,4,3.3,+0.7,27,79,29,8,89,Matches
543,Thuler,br BRA,DF,Montpellier,23-010,1999,8.3,254,300,84.7,5310,1697,73,84,86.9,141,154,91.6,38,56,67.9,0,0.0,0.0,0,5,0,0,10,Matches
544,Khéphren Thuram-Ulie,fr FRA,MF,Nice,20-359,2001,14.9,682,785,86.9,12484,2622,273,300,91.0,303,332,91.3,89,114,78.1,2,2.2,-0.2,16,64,10,0,60,Matches
545,Cheikh Tidiane Sabaly,sn SEN,FWMF,Metz,23-016,1999,1.7,33,36,91.7,465,102,21,22,95.5,12,12,100.0,0,2,0.0,0,0.1,-0.1,2,1,1,0,3,Matches
546,Jean-Clair Todibo,fr FRA,DF,Nice,22-080,1999,24.7,1475,1668,88.4,32211,9547,365,396,92.2,869,909,95.6,236,345,68.4,0,0.7,-0.7,11,110,6,1,78,Matches
547,Karl Toko Ekambi,cm CMR,FW,Lyon,29-187,1992,18.3,559,705,79.3,8823,1832,296,339,87.3,207,254,81.5,39,68,57.4,3,2.8,+0.2,25,16,33,12,49,Matches
548,Yoann Touzghar,tn TUN,FW,Troyes,35-112,1986,12.6,187,239,78.2,2733,271,115,141,81.6,57,69,82.6,11,14,78.6,0,0.5,-0.5,10,4,4,0,7,Matches
549,Amadou Traore,fr FRA,FW,Bordeaux,20-013,2002,0.2,2,4,50.0,32,0,1,3,33.3,1,1,100.0,0,0,,0,0.0,0.0,0,0,0,0,0,Matches
550,Boubacar Traoré,ml MLI,MF,Metz,20-212,2001,12.7,416,505,82.4,8777,1969,133,159,83.6,206,230,89.6,71,99,71.7,0,0.2,-0.2,7,32,8,0,44,Matches
551,Charles Traore,ml MLI,DF,Nantes,30-078,1992,8.0,337,419,80.4,6273,2601,143,159,89.9,149,180,82.8,41,68,60.3,0,0.0,0.0,0,27,3,0,32,Matches
552,Hamari Traoré,ml MLI,DF,Rennes,30-052,1992,22.3,1242,1488,83.5,24277,8344,435,489,89.0,637,724,88.0,159,241,66.0,6,3.4,+2.6,24,87,35,11,113,Matches
553,Ismaël Traoré,ci CIV,DF,Angers,35-214,1986,26.7,1238,1366,90.6,28369,8272,238,260,91.5,747,781,95.6,248,304,81.6,0,0.4,-0.4,6,32,1,1,41,Matches
554,Miguel Trauco,pe PER,DF,Saint-Étienne,29-207,1992,8.3,336,471,71.3,5852,2387,160,187,85.6,139,177,78.5,29,77,37.7,0,0.2,-0.2,6,19,10,4,29,Matches
555,Adrien Truffert,fr FRA,DF,Rennes,20-120,2001,10.7,546,668,81.7,9042,3184,275,307,89.6,231,273,84.6,33,61,54.1,1,1.5,-0.5,9,39,13,7,50,Matches
556,Matthieu Udol,fr FRA,DF,Metz,26-000,1996,11.2,380,492,77.2,7058,2788,164,183,89.6,168,196,85.7,46,92,50.0,0,0.4,-0.4,5,17,1,1,28,Matches
557,Ike Ugbo,ca CAN,FW,Troyes,23-180,1998,4.5,61,81,75.3,793,126,45,49,91.8,9,18,50.0,4,4,100.0,0,0.0,0.0,2,6,1,0,4,Matches
558,Chimuanya Ugochukwu,fr FRA,MF,Rennes,17-359,2004,4.1,180,202,89.1,3570,545,60,65,92.3,92,100,92.0,25,33,75.8,0,0.1,-0.1,2,8,1,0,8,Matches
559,Hwang Ui-jo,kr KOR,FW,Bordeaux,29-204,1992,20.6,253,304,83.2,3956,450,134,150,89.3,95,104,91.3,16,30,53.3,2,0.9,+1.1,8,6,8,2,15,Matches
560,Cengiz Ünder,tr TUR,FWMF,Marseille,24-249,1997,17.5,519,699,74.2,9113,2484,266,311,85.5,177,233,76.0,63,115,54.8,1,2.8,-1.8,23,23,35,8,65,Matches
561,Jere Uronen,fi FIN,DF,Brest,27-250,1994,7.6,289,354,81.6,5380,2001,128,142,90.1,123,144,85.4,34,56,60.7,0,0.1,-0.1,2,24,9,2,28,Matches
562,Vanderson,br BRA,DFMF,Monaco,20-272,2001,5.3,227,307,73.9,4310,1391,104,121,86.0,81,107,75.7,35,60,58.3,0,0.8,-0.8,5,25,10,3,23,Matches
563,Jonathan Varane,fr FRA,MF,Lens,20-192,2001,0.0,3,3,100.0,24,3,1,1,100.0,0,0,,0,0,,0,0.0,0.0,0,0,0,0,0,Matches
564,Marco Verratti,it ITA,MF,Paris S-G,29-135,1992,13.9,1300,1425,91.2,21525,5630,652,691,94.4,492,528,93.2,116,146,79.5,1,1.6,-0.6,17,120,30,1,108,Matches
565,Kevin Volland,de GER,FWMF,Monaco,29-233,1992,19.5,329,483,68.1,5964,1772,157,205,76.6,117,164,71.3,43,70,61.4,5,2.7,+2.3,21,45,20,2,49,Matches
566,Timothy Weah,us USA,MFFW,Lille,22-026,2000,11.8,255,357,71.4,3796,1005,156,186,83.9,79,115,68.7,15,28,53.6,3,2.7,+0.3,18,8,16,6,29,Matches
567,Georginio Wijnaldum,nl NED,MF,Paris S-G,31-129,1990,14.8,560,616,90.9,8479,1386,323,341,94.7,191,210,91.0,28,34,82.4,3,2.1,+0.9,9,36,11,0,27,Matches
568,Christopher Wooh,fr FRA,DF,Lens,20-183,2001,7.7,334,383,87.2,7243,1830,80,87,92.0,194,207,93.7,56,78,71.8,1,0.5,+0.5,4,17,1,0,11,Matches
569,Xeka,pt POR,MF,Lille,27-130,1994,16.4,628,791,79.4,12397,3121,243,277,87.7,278,320,86.9,94,160,58.8,0,1.4,-1.4,13,51,5,1,55,Matches
570,Sekou Yansané,gn GUI,FW,Paris S-G,18-326,2003,0.2,2,2,100.0,21,0,2,2,100.0,0,0,,0,0,,0,0.0,0.0,0,0,0,0,0,Matches
571,Yusuf Yazıcı,tr TUR,MFFW,Lille,25-050,1997,5.7,179,243,73.7,3795,1244,72,89,80.9,67,80,83.8,36,57,63.2,1,1.3,-0.3,10,17,7,0,19,Matches
572,Burak Yılmaz,tr TUR,FW,Lille,36-248,1985,19.0,317,449,70.6,4851,744,186,241,77.2,103,143,72.0,19,36,52.8,3,3.4,-0.4,21,13,14,5,18,Matches
573,Zaydou Youssouf,fr FRA,MF,Saint-Étienne,22-252,1999,14.1,524,624,84.0,10697,2151,226,249,90.8,173,199,86.9,108,147,73.5,0,0.5,-0.5,8,42,11,1,46,Matches
574,Akim Zedadka,fr FRA,DF,Clermont Foot,26-294,1995,28.9,1318,1644,80.2,21857,7794,690,783,88.1,498,618,80.6,105,181,58.0,3,2.1,+0.9,27,61,41,26,94,Matches
575,Arber Zeneli,xk KVX,FW,Reims,27-023,1995,1.1,28,34,82.4,446,219,17,19,89.5,6,8,75.0,5,7,71.4,3,1.6,+1.4,6,2,2,1,3,Matches
576,Mehdi Zerkane,dz ALG,MFDF,Bordeaux,22-248,1999,0.9,43,46,93.5,600,196,21,23,91.3,18,19,94.7,1,1,100.0,0,0.0,0.0,1,0,0,0,2,Matches
577,Edon Zhegrova,xk KVX,MF,Lille,22-354,1999,0.6,24,30,80.0,297,70,18,19,94.7,6,7,85.7,0,2,0.0,0,0.2,-0.2,1,0,2,1,2,Matches
578,Banhie Zoukrou,fr FRA,DF,Troyes,18-317,2003,0.9,24,26,92.3,480,76,9,10,90.0,12,12,100.0,3,4,75.0,0,0.0,0.0,0,1,0,0,1,Matches